Title,Price,Bids/Views,Link
Strymon Nightsky Guitar Effector,$674.92,No bids/views,https://www.ebay.com/itm/146048541658?_skw=guitar&itmmeta=01J8H59PY8QMCA2RX2A9214Q99&hash=item22012be3da%3Ag%3A6iEAAOSwQJxm8YS7&itmprp=enc%3AAQAJAAAAwHoV3kP08IDx%2BKZ9MfhVJKmBqqOufOnFdfCMm44itI7FgglkWIquNQvkW0W%2BEQe%2F%2BPoavnA%2BhUHGRsz08aMXpahS5uVenO8QuJZ6tDCOJSeT%2Bqah8qaAWtV4NLWualBRLAXvx8CHT3pqcmIIJLh8Bv7BzU7zwGBDXM5yrceRvyfbrn59bavPiiBTD3ODtc%2FALL61w2Ll8SZ%2F%2BrHe5s%2BWvC8Y5CSpmjZl6U3axNSsZaalxOII2X33P%2BGBlMg0MhVplg%3D%3D%7Ctkp%3ABlBMUJ7vpqXEZA&LH_ItemCondition=3000
Fulltone Usa Deja Vibe Guitar Effector Guitar Effector,$554.19,No bids/views,https://www.ebay.com/itm/146048541675?_skw=guitar&itmmeta=01J8H59PY8S8RNBQ70AF9KN2PN&hash=item22012be3eb%3Ag%3AwLoAAOSw8FJm8YUL&itmprp=enc%3AAQAJAAAAwHoV3kP08IDx%2BKZ9MfhVJKkAuEfE6Rv7%2BkjM73W4%2BgtAKrgwepolgM%2FnhLMIFfvPT96ByLt1QY8cWsy7xTUkcTXovM5rI3ADv6I9tBxXzEUyiOC7R3WPIdzOw79RVN5iL11pYKYSVvBmtr9XIFnjR3mVx%2Fmm%2FpPAV7kyj0bynQqUy1up%2FydYVa0yg7B4xZd1QbdueFr21bFnLEI7LiLVtir%2B7h0HrzZr9h2e2nPw0NLySjG9YPalNn0dQbAIaWBrCA%3D%3D%7Ctkp%3ABlBMUJ7vpqXEZA&LH_ItemCondition=3000
Vemuram Janray 7000 Channels Guitar Effector,$595.32,No bids/views,https://www.ebay.com/itm/146048541716?_skw=guitar&itmmeta=01J8H59PY8F2Y1MQTG9FTEJ4Y8&hash=item22012be414%3Ag%3Ao8UAAOSwrgNm8YS6&itmprp=enc%3AAQAJAAAAwHoV3kP08IDx%2BKZ9MfhVJKll%2B3%2FXM3MpwmLWpDQlTI81DwZlAnYwQvYbiNhvtu%2BLXtengVF8hPVvOWJxatWdIJ9KC%2BpLTsvOIVvXs5g%2FabrJaR1%2FF2FVJ1SImxSJHhQCENYrqey7EgduCnw9zcFF2XK3s1Q7Lpx90WuuaIyH3pGv8SqKiN3wtcekpIOISCxf78XjUBssfE6cajWrxooW6otMBh7j7QdSXqQJJVczSKFi3SoFmJSjQi7puIjf4kWGjQ%3D%3D%7Ctkp%3ABlBMUJ7vpqXEZA&LH_ItemCondition=3000
Craftros Musica Rev.D Guitar Overdrive Booster Guitar Effector,$430.82,No bids/views,https://www.ebay.com/itm/146048541805?_skw=guitar&itmmeta=01J8H59PY8F4V70AS0CBPSRFGF&hash=item22012be46d%3Ag%3Ahf0AAOSw7Vlm8YRW&itmprp=enc%3AAQAJAAAAwHoV3kP08IDx%2BKZ9MfhVJKkO2PcW7yiTqu1qi7ikQvjmlrRtUprnvOb5CGVtb4Nczrz80ok%2FLQTw1Umj8Qbslw%2BQalfTBsWnpLHb6QNAfLrGtbhChRLHnnIkQmHV2QwUaCrTN%2FJVED4hHpG1Hr7MxLROQ0w7DjC0k%2FiRHyGm%2FhNSHevyAeI2XR2cmS4tIODvX4BAs1UOSuc%2BGK7eUCarOiv1i8aIz270P1Y8JbnUdEu4orOHCKAslfNY2vzJmlyYsw%3D%3D%7Ctkp%3ABlBMUJ7vpqXEZA&LH_ItemCondition=3000
OPEN BOX - 30-inch Beginner Acoustic Guitar Starter Kit & Accessories - Blue,$32.99,No bids/views,https://www.ebay.com/itm/395718747373?_skw=guitar&itmmeta=01J8H59PY99ZB4FDA563NS3EEJ&hash=item5c22ace4ed%3Ag%3AZPAAAOSwaW5lS%7EIr&itmprp=enc%3AAQAJAAAA4HoV3kP08IDx%2BKZ9MfhVJKlMpymFSR4zssMoaF581VAusuXEGFHwPJhoNefFecqcoxC7cYyt3VrgW5PEAsTylX29MUklbd4Y%2Fe%2Bxpki8QZNfoNQ5jhP4ntO0Oo4dhXEB6i2HvC04YLHcfuMdG9x%2B3DqkoFVdrwaFnPU8XNK82KO1YSxo3bGeodaUEP57vPZ3tns3EiOME4382Q39Y0XV5Tr8SDi4PPpvjs8xD%2Bg9HqlIvD70Lu%2BmnFkAa3nrXXymIdzLmYXezjp%2BkstfMtXvErioeUhDw59vwm1rhgfQOksL%7Ctkp%3ABk9SR6DvpqXEZA&LH_ItemCondition=3000
"Yamaha JR1 FG-Junior Right-Handed 6 String Acoustic Guitar, Natural",$55.00,No bids/views,https://www.ebay.com/itm/296710493835?_skw=guitar&epid=70299726&itmmeta=01J8H59PY9M370C9Z5MMCA36VE&hash=item451552d68b%3Ag%3AkPMAAOSwZUNm8dEz&itmprp=enc%3AAQAJAAAA4HoV3kP08IDx%2BKZ9MfhVJKlZn0gVzw8IK%2BU2TWsLZCjzUbmFMZOUuL%2BCqBsG9wSN63oln0yPJgRVRUJyLeqChtdMpMUFCQ%2BFvIBCuWzfACha8LPmhA8pUMhKbiCCtHbWaBt4zC%2FGR2GLBdxEnYqwbCOoeJxOZUoeS2W9hIbQoN6XuXc0GQMkEk1nikC9B6RCdVRGfP2amgC685P0KOMPVQYwK5iOypwTOPP%2Fxol6IVdfNuSe2rPGrHDDQREz7DwTjwtQJyNtg03R4aMvFjdoMzXyxmIBR0xiwWxyc5tqn9mB%7Ctkp%3ABk9SR6DvpqXEZA&LH_ItemCondition=3000
Ibanez 6-String Full Size Acoustic Guitar In Gig Bag,$14.50,5 bids ·,https://www.ebay.com/itm/356080371676?_skw=guitar&itmmeta=01J8H59PY90TC6ANBRKE1A2K93&hash=item52e80b47dc%3Ag%3A4KcAAOSwWsRm8ebi&itmprp=enc%3AAQAJAAAAwHoV3kP08IDx%2BKZ9MfhVJKlb1UhBBxrzNifhjf3FxaBXgHdlGHlY%2FsR0wzWOt3m79RFMcUKbtFtsIHyb7rhydOovJEjAGGjW5AIWhrZlizH4O61RbabS%2BV8uhp2x4jwucnNag3Nz3Jh4Iyokd%2BZ%2BNexibHk318WlkdrxnQ%2Fg8HNUcZoJmpWmkV28IW9bVIaXSH2%2FRO%2B97wVMIllgvd9bWV4%2Fv7blU9ZNQ8EsYLoRMgPmyGKInNtzRDIb1ZkD1Z8IGg%3D%3D%7Ctkp%3ABk9SR6DvpqXEZA&LH_ItemCondition=3000
Martin Sigma DM18 - Hard Case,$260.00,No bids/views,https://www.ebay.com/itm/166987488906?_skw=guitar&itmmeta=01J8H59PY9FWMS3CM5XNJHG0XR&hash=item26e13ade8a%3Ag%3AyboAAOSwm0dm8eeU&itmprp=enc%3AAQAJAAAAwHoV3kP08IDx%2BKZ9MfhVJKkFcOrOsw7EqVU%2BfcIbIAJydY4VT5JwNtVms6zRMvpe3oSokYG1SenqfbUZH1gA94XgW%2Bb2p22GSiInFs%2BfAPXCL0p7G4qxTA7BhVKXLawtOwGgoBKXCdIdPFUn9b%2F%2BdqF9Kn4zuM4czr%2B11DskqMpzDyHEppj7OodNHqmL0eyezzzTJ2NCiqCTgrzAJLUomIb2Fuy7%2FiszzKnEUmgviAysBkMtc4xRuL2kB06WB8eI%2Bg%3D%3D%7Ctkp%3ABk9SR6DvpqXEZA&LH_ItemCondition=3000
Carlo Robelli Nylon String Acoustic Guitar- New York,$74.99,No bids/views,https://www.ebay.com/itm/267002026659?_skw=guitar&itmmeta=01J8H59PY9789Q39T07XD4XWGE&hash=item3e2a8f9aa3%3Ag%3A070AAOSwRM1m8cBY&itmprp=enc%3AAQAJAAAAwHoV3kP08IDx%2BKZ9MfhVJKmUEZCWekaXOwvn%2BSlMI%2B0tykyVdPpOsTMTpvX1BU6qC0CSbq9he3X3AV1XgQk47o%2F7M1WWraI7Lzx25rCR4q1GWpxqcCZ6eapM%2FzbYBRDF88%2FhOaUyQQIj4YROnxgYqINP%2BE3C%2FqiESPKYR5ISKJiR%2FHzxQ0%2BhZFIXsNGd5wImsGXwfWz5oH3AsNPV%2F3O7dcYs9lt%2F4jClxJjWZ3kA5dtqBpsx5Noi%2FoD2rMAtxZgGLg%3D%3D%7Ctkp%3ABk9SR6DvpqXEZA&LH_ItemCondition=3000
"Hola! Music Cutaway Classical Guitar, HG-39C, Full Size",$24.99,0 bids ·,https://www.ebay.com/itm/395718538724?_skw=guitar&itmmeta=01J8H59PY988K00ZPY2JRVRW1B&hash=item5c22a9b5e4%3Ag%3AvsYAAOSwz7Bm8bet&itmprp=enc%3AAQAJAAAAwHoV3kP08IDx%2BKZ9MfhVJKmQ%2F9ZPwPjLfn%2FTXXbuzriboYcaMLsQTcQAnXUMX%2FGSmLAvGtCAkBb1Xkq0xIJYX2yHybnq%2BkZfPInwPpGq6pwg%2F1M7%2BpSOgvkDz4BAqZGHabWG8BdtbjVZd3dcV9UyeUNsRO0aNCFTDSiKkw416cSKVW8MrP8y%2Bn%2FECxkD5yPwAjssMw4EL0lxfIMdTDkaZr%2BsH0LnF3D34U59ANzw8ptowH1ycJ97D1pBhw1uBFxBhg%3D%3D%7Ctkp%3ABk9SR6DvpqXEZA&LH_ItemCondition=3000
Fender American Professional ll Telecaster,"$1,075.00",No bids/views,https://www.ebay.com/itm/365137368890?_skw=guitar&itmmeta=01J8H59PY95DCE0HHM851GRN4P&hash=item5503e2173a%3Ag%3AJDEAAOSwvHZm8j7v&itmprp=enc%3AAQAJAAAA4HoV3kP08IDx%2BKZ9MfhVJKm9YtmsvfajMuWNkUwP9yfHA577x2%2Bp11g56VryWN%2BuJVq2o56G%2B0%2F6AzBEV0jQKfE3FouURewWB6SSefRBrgNvJ0RpDJOEEIisddF3ysoHn7SsN8fJxHJjaAtd1JRPh%2BvRqFLghyXdosZU3m%2FRgTjbkRHOEFXO42qHmUVUOFynKBFnAyyla4BBg3XhEV1S1zkollAVPprFM83ueCb6Vr5JKj%2B6OG3O0u2xzO%2BEsn3MlXgmzD6vPauZNMfTUDT%2FfdbgR8PNd2SKLZCl7%2BDdEK7r%7Ctkp%3ABk9SR6DvpqXEZA&LH_ItemCondition=3000
Mitchel Acoustic 6 String DJ-120/N Guitar w/Case,$9.99,0 bids ·,https://www.ebay.com/itm/356080274773?_skw=guitar&itmmeta=01J8H59PY96P0NQW11HF1XDDBY&hash=item52e809cd55%3Ag%3AjLMAAOSwcNNm8dna&itmprp=enc%3AAQAJAAAA4HoV3kP08IDx%2BKZ9MfhVJKmh13r7ryfB%2BvFDQ3%2BA0ik%2FmUcl3IyiF0E%2BxAMZwt%2FN3cje1L8ZK%2BT844HeO7M0QE9Y84ui7HHLFX8nYdV%2BK40iv%2BP1wXGArkgDhkOVG8YQZXDsTkRyYyyGjwayBp1Ze4jV%2BOETWZ%2BcVWxkG4HThwTumpobk2nJPszCqH1eNuDPXvjqhkfiEr%2BIgnvTFVtfn0x0YYBl4BuJNbcgS1%2FJiO08KVyqgZaMY%2BiRLYZb%2F850exYYkaBkXOemjKCEIrKTmUFq8nfgNUutz8TFd4%2F1YHKs%7Ctkp%3ABk9SR6DvpqXEZA&LH_ItemCondition=3000
Sigma Acoustic Guitar Classic by CF Martin & Co w/ Hard Shell Case,$185.00,No bids/views,https://www.ebay.com/itm/296710316631?_skw=guitar&itmmeta=01J8H59PY9QM3PJGRD5EH0JYVQ&hash=item4515502257%3Ag%3AME0AAOSwJhxm8bZU&itmprp=enc%3AAQAJAAAA4HoV3kP08IDx%2BKZ9MfhVJKlIaRFNoAAE2lWx%2Be0sxeIXZp%2BaTPiPW0kgP%2FOoQioOAoDxZCWoeTioV8KfC0LjLSaHI6I23MoJZpGD77w6gpxnGOKvlxt6cIa1o5Zxd1xA6FrgAck70nrjiS7mNJeX83EqeGLO7%2BMTNShMdLFlLK3lzM4iV7IoLkUzooQ7n5zGvQRPj0mSH4WArF506Z67r7lGpKmwdiyarxVthyVXXQKwbjAtM%2Bkd%2FeWgoUQ2PUIfvO0sCT9PdgLb1DCGLUE2vSbWEvU7AD1ICIw05D8s1sYI%7Ctkp%3ABk9SR6DvpqXEZA&LH_ItemCondition=3000
Bjfe Sea Blue Eq 5K Guitar Effector,$950.86,No bids/views,https://www.ebay.com/itm/146048541657?_skw=guitar&itmmeta=01J8H59PY9EZ6YYTCCQFQN905Y&hash=item22012be3d9%3Ag%3AecAAAOSwjRxm8YRS&itmprp=enc%3AAQAJAAAAwHoV3kP08IDx%2BKZ9MfhVJKmKX8czfcIIvrtVzm%2F4gjW5edaSbLONkxrdL1onr%2B%2BFkDkFnoZOwxCuj68MatB2WR1AhnH%2BzPozgLId%2BDvC2SOuN%2BxJDEGS96x4qhtHN%2F0AU6QUnHiX2BMj1ihv%2F4mPtxr1hMVQSnKKI1wp4QufQTCaB3AEq3vomvf34xqHRcobHfFTHbpbIrhO%2BWMN4k2yPFZDAzjk8g8J6UUaBX0cp3kYH3U19%2BTaubvTL8RHUZzR8A%3D%3D%7Ctkp%3ABlBMUKDvpqXEZA&LH_ItemCondition=3000
Fuzz Face Mini Ffm6 Guitar Effector,$231.82,No bids/views,https://www.ebay.com/itm/146048541800?_skw=guitar&itmmeta=01J8H59PY9JAKRM7YH41DVNPED&hash=item22012be468%3Ag%3AaNEAAOSws3tm8YTb&itmprp=enc%3AAQAJAAAAwHoV3kP08IDx%2BKZ9MfhVJKl2PPWCfI7vXupuEa7178TzKvkOMexfq8wk5BxFEXYhP08%2BNtPeI6jO5zk84H1qsxh6b%2F8G1PxaJWQgMPPwBQZN1SPJXF%2FBkwTzQRwwcSjboUgbuYu82WLhCnUNl1NbIL0QUatajoQSyucAKipdPdqN3Puk2EyOhbXq67dC80kNVQCecDf50jLptnUq8BxDwQoSVRqV3T9iDSXXu0Wkzj5TBgMh%2FYcnf67YJIHSZlR4fQ%3D%3D%7Ctkp%3ABlBMUKDvpqXEZA&LH_ItemCondition=3000
Pod Hd 500 Guitar Multi-Effector Guitar Effector,$343.26,No bids/views,https://www.ebay.com/itm/146048541696?_skw=guitar&itmmeta=01J8H59PY9FGQ03FA5NFR560YD&hash=item22012be400%3Ag%3ALdoAAOSwUB5m8YRW&itmprp=enc%3AAQAJAAAAwHoV3kP08IDx%2BKZ9MfhVJKke2rirErvjW55x75QTb%2FKwmn%2FBX%2B3smXTsQJRNgSnS9qzyRFPTewmRbPnpRdwqr%2B08P85ySWRtB%2BY%2FB1kd9sTQA414wHABlGEx9AKLQc4dRalLm%2F8gV9XB1urApxMvvn6xw9mTIUggQz2%2BL3gjqXKpUNCT7dVAzjQALyhwwerEu78q0HiIqswz%2Fp4DBbIeI1MDYJWEjZm5vjCsTC3p9mkHfaRwGRcUiIiXeIcsZWE%2B0Q%3D%3D%7Ctkp%3ABlBMUKDvpqXEZA&LH_ItemCondition=3000
Yamaha FG-180 Guitar Red Label Acoustic 6 String. Made in Japan,$250.00,No bids/views,https://www.ebay.com/itm/135265121893?_skw=guitar&itmmeta=01J8H59PY9ABNXR00K9DXS7QM2&hash=item1f7e6df665%3Ag%3AzmwAAOSwKlBm8bDP&itmprp=enc%3AAQAJAAAA4HoV3kP08IDx%2BKZ9MfhVJKnT0W6roS3CSwLRi0JqMLVXzHVfGjsvjNqyaeX%2BHpsW97HX2q3YGVTCNMx53GZG5NQj0iryYpzfx8sxwhnobe7z5mjnneY8%2F9Qg55AqQfVkgQMt%2BObi1j7ZfkYhifkyGaZcGlg2tk0QbeiUk6yXgFwKXl%2BYaYcD8T6Noq%2Fmqm5nMliBz0PQFzyMADUj3cZLtgnoTSmePxRLAWe4hsW5LcSsGBlQlIQOCRT4O43vaHkisz40S2Viuc2xkGDC6fYNHbDcGqP3Xq9KkLfmCuG5VQON%7Ctkp%3ABk9SR6LvpqXEZA&LH_ItemCondition=3000
stella acoustic guitar H929,$120.00,No bids/views,https://www.ebay.com/itm/296710299131?_skw=guitar&itmmeta=01J8H59PY9RGNQ64QKQXFQ37MG&hash=item45154fddfb%3Ag%3A0JMAAOSw5Atm8bJV&itmprp=enc%3AAQAJAAAA4HoV3kP08IDx%2BKZ9MfhVJKmnYh%2BrDA%2FWDXDPenvffkhx%2BDPhEMNm9RRUWUDO8WAWq2ijTTJtjjEGJLUMiwjAn6nQESJTKM1Z%2FleWuUSChvZa1kTUCh6w5FSYOAU0kg9oFFIPkPIec1Fg4pKYR2ukXJQEDs%2BFsfYiCkgNBWRoigCpHtV5RkgqcN9D%2FnQV1WreJzJmXyf%2FPNPVvj5yLFToZ39Z9DKOJhZs%2F4YzZ3InipZx0Dv8LwNYPrT813ycvSo8JFRQpi6dpXqrh21bYEEEzVfCk369htVeBeoy7Wyq1MoY%7Ctkp%3ABk9SR6LvpqXEZA&LH_ItemCondition=3000
LyxPro Left Handed 30” Electric Guitar & Electric Guitar Accessories - Red,$76.29,No bids/views,https://www.ebay.com/itm/135200952528?_skw=guitar&itmmeta=01J8H59PY9407N4MZ71VCK2KQQ&hash=item1f7a9ad0d0%3Ag%3ADB4AAOSwAh1mw-R4&itmprp=enc%3AAQAJAAAA4HoV3kP08IDx%2BKZ9MfhVJKm4AhICvB7hMly91vmSwupchJhp2gfSTSV95sQ%2BD3%2BRhQ3uvcRzoh9ZQ4RnI%2BfHf7v15kbZk4WLxNVbmRb9RJ0zd654uxt6FOH1AY2PTiqvjZ5D1fC4fhWOzTquLdfnjylLB0uSQ%2FVmeT0gzS9ew3K1WV%2BkeCOMxMkmcQVRM3qRQCaxUHEvAE1MehDibHaJO9DbUzxo9M%2BiJALhhEiu76t7CERSBFtfLABqf9%2FoccXsHabcYmHm5%2BJsdqugCJGd0dZcy0ZcRL%2FM8ibZxOtiaMOh%7Ctkp%3ABk9SR6LvpqXEZA&LH_ItemCondition=3000
Epiphone Slash J-45 Masterbilt IBG solid acoustic guitar + pickup MINT + case,$540.00,No bids/views,https://www.ebay.com/itm/305801804393?_skw=guitar&itmmeta=01J8H59PYA5DP2YY992G6ZZ97B&hash=item4733353a69%3Ag%3AqnIAAOSwKlBm8jsv&itmprp=enc%3AAQAJAAAAwHoV3kP08IDx%2BKZ9MfhVJKnouZ3FwZX9vOUL%2BwSfskzgER4me28JNFwe41a5WtNm6g7jlX5lxveHbDZG%2B1kgn%2BhpHtBFbMitmAKrY%2B42dtWtYxB4aAyML4qM1eJeY0trM8GIdP984vKW74bkMtQIXHOVf3r%2FUgZRxLGc7sYsjB%2BUpctgel2BH1daqfr7ycaqDni%2BtvxQNi2ZFPbO7YHfEniwypFq1T0CGb936CEh1BxxqT4kPot%2BFNc3WxNuvRVDMA%3D%3D%7Ctkp%3ABk9SR6LvpqXEZA&LH_ItemCondition=3000
Ibanez GIO Series GRG121DX Electric Guitar - Walnut Flat SKU#1672563,$130.00,No bids/views,https://www.ebay.com/itm/166987615045?_skw=guitar&epid=2255482064&itmmeta=01J8H59PYAYJRQ3ZYTHAY9P4YE&hash=item26e13ccb45%3Ag%3AaqcAAOSwXQtm8gKH&itmprp=enc%3AAQAJAAAA4HoV3kP08IDx%2BKZ9MfhVJKmEG4CUjqT1L8QgQDHEor91M0mJGbAt7NRCm5ltLQWNu0ixW1RudxJ3RMayAOusTb7oTOcnN8XWfZFxhLbxZ8wjdTnMjR1zQ5TKKXlLKWenpUc388MFwVyAw73dubgplVIWPdNvO%2FA1MXmYNvXHurX%2B1WHO2ekKViE7RHQY%2Fqf57Zc21A1BKMck7paywxiUAIsUCPXhnnyl95vUb%2FCVUR0UkaOthQqyzw1QkgB%2FSUm6qbxNGF0NeTLbm2N2ylsZiIFCEOieLcu6mKlfH7M2ofYE%7Ctkp%3ABk9SR6LvpqXEZA&LH_ItemCondition=3000
Yamaha FG800J Solid Top Dreadnought Acoustic Guitar Black,$178.99,No bids/views,https://www.ebay.com/itm/286047467243?_skw=guitar&itmmeta=01J8H59PYABGCAR9N0KY8B0YP1&hash=item4299c1f6eb%3Ag%3AG1EAAOSwgD9m4SYh&itmprp=enc%3AAQAJAAAAwHoV3kP08IDx%2BKZ9MfhVJKmpPPlUGXeNnMIJUg4lyYSOgju1hhLVgUF1xv3Y5%2BRtRgGGlc6rYUh9g7qYVshW7vA5OU5ZXP61Wopnp97I7%2BYcnvO6NnPCp%2BtpoKygXy3nACm%2FyDD0uWyPpCam6ArketYbdczrm7iCCLIlRno0GMpL%2BJmG4mvvTG1S%2Bym4J95%2BmP6DYioQHTEeQmgV6Gm%2FDVM5qBCBPyeG54gPMrZ8nertv66nMpmkkvGDI2fChd2L6A%3D%3D%7Ctkp%3ABk9SR6LvpqXEZA&LH_ItemCondition=3000
Fender Acoustic Guitar Dreadnought Natural Finish With Stand Fair Condition,$1.00,1 bid ·,https://www.ebay.com/itm/235757702332?_skw=guitar&epid=27031877133&itmmeta=01J8H59PYA9GJD9HXVGR1A336K&hash=item36e4410cbc%3Ag%3A0PcAAOSwlatm8dUC&itmprp=enc%3AAQAJAAAA4HoV3kP08IDx%2BKZ9MfhVJKmoGKnKSkPTpVr2%2BzJYfYDdOnkGD9m2ubDbsVetGUK%2BPiXOubSEf0q0G3Rd1u3deC6Sulbf8wtGvwuM81wMchvRffbetYNKDzteynf5Dgyu9%2FJTtk4JfUld8Ue%2BWqipiRkkat646MatTAxiA2PO5tQFF%2BbPW%2B8i7Kiba6mxWlNQIICP6%2FoQc40KeRT1cPFMQZicXhc2WvkpQDaPniY9RW7n7%2FKcmPbq7NHOkwm7%2FBkFCv84EQ%2BHN4eUVOwkgzmlQXhNihaoSoJQkZimsh4ZmkOS%7Ctkp%3ABk9SR6LvpqXEZA&LH_ItemCondition=3000
Dreadnought Jr Acoustic Guitar,$299.99,No bids/views,https://www.ebay.com/itm/235757940291?_skw=guitar&itmmeta=01J8H59PYAVKN780W236PMVK7Z&hash=item36e444ae43%3Ag%3ARVYAAOSwU3Zm8hMN&itmprp=enc%3AAQAJAAAA4HoV3kP08IDx%2BKZ9MfhVJKlqye6KAWb%2FMksnlmLPXR6OAO46CEEeJhCx56I99%2BVVi8U10NWxMdB3S9bZS7SBu0zGUzxntORQbMVaLZLGhzqTQ4yeJof9fNYR5FSkK%2BaSn28m58KtCZXhW7yfScWxrx%2Bhlq6H8rNSA28M3ihn1fvIf%2BjkrYnGJwxv4v6XYGZGHmXHIGo5bBnjvEHsskaphRRTUlIAjgx3zZTNZlHEsba0klt1%2BJXXGalVzwyksSa%2F5zPR7n02t6AwQU407YJzbL%2Fo6RkybVEWjmt%2BEeOSJ%2FLb%7Ctkp%3ABk9SR6LvpqXEZA&LH_ItemCondition=3000
Gretsch G5220 Jet BT Single-Cut 6 String Solid Electromatic Guitar- Black,$320.00,No bids/views,https://www.ebay.com/itm/186699122469?_skw=guitar&epid=16039297934&itmmeta=01J8H59PYAYNTAR2D0F15AAJ3Y&hash=item2b78228725%3Ag%3A1pkAAOSwuG9m8cFQ&itmprp=enc%3AAQAJAAAA4HoV3kP08IDx%2BKZ9MfhVJKkc210BgibYR6FzzGFLlcmyhQa8K5bCFy3IoLIu4unHmoZb5h%2FECRBKAyQhH%2B3C5G%2FXZ7560426OaQk3LdnlR9eMloO0PtAFkUAR2dZrsOdNV9KeDQfNpPOExabfY2t5%2FyYLeqhrFDvZVyFs0LLQYrTE0CJGMge5hrzufWN7gx1QUaT4uffaLnj2badELcXl3fLgOWBqwakWP9mk2AMNnSBwvY3B6qlO4370u%2FzpBm5Rici%2BcDVwHdV5xmjSROHsNynu15YIlfW%2B9L6bHuIG2%2Bk%7Ctkp%3ABk9SR6TvpqXEZA&LH_ItemCondition=3000
Fender Squier Mini Stratocaster Maple Electric Guitar - Olympic White,$1.00,1 bid ·,https://www.ebay.com/itm/135265653980?_skw=guitar&epid=9055355297&itmmeta=01J8H59PYABGW866Y8NZGPQ8EV&hash=item1f7e7614dc%3Ag%3ATecAAOSw6lFm8hWm&itmprp=enc%3AAQAJAAAA4HoV3kP08IDx%2BKZ9MfhVJKkAPmmNA52godkiXFxl0tGAEGIchxFx5%2B0IAygd2oTNAPXASmqjYyiX%2BzG6ms1WFb%2F6iwWoCW26Ihybtd0CxOQ8SwkOFpQ6yy1xUCqxGvH6Mn9EutJLL2SWWDQWtV1EdcuKpR%2BbPGa1hNw4Mmx8ScWgdcSOESaEsSKko5%2BaPKD%2FXVz6mHaKKrEeTp4r7%2F%2BS82kxDIyXNRR7JzEVhXXK%2BKWAa6DJE5gllRBoNpVbygBY1Qkls4BmpTiWv2pT%2Bvgsx404jUTIBuyJRt42OciSZ2%2Fx%7Ctkp%3ABk9SR6TvpqXEZA&LH_ItemCondition=3000
Fender Squier Guitar in case,$10.50,2 bids ·,https://www.ebay.com/itm/356080132363?_skw=guitar&itmmeta=01J8H59PYA7ZJ2WFNFVHB1PH50&hash=item52e807a10b%3Ag%3AhD0AAOSwqJpm2jlH&itmprp=enc%3AAQAJAAAA4HoV3kP08IDx%2BKZ9MfhVJKlEpdC7O0R9ZgMg1VbSdzmUEFO%2F7eSRWS73gzJX2AH%2F7zd0Mk81t3SsOYPP1DWcf5rhLxXyKGkqxx8CbzwT6ev7LY1T04MqwnY6DURykpnjECrkRdQoYBeAvQsZxnmkhPSLUGlUDS7iTITNIP8BvH4mW1n8FIEN5FNOzuTuZdMdiS9ttXvBUU%2BCsnsHU6rmXSJXOWIDXIdpLhlUHL1Rb6V%2Bn4TkcB3XYpZvnX9Le3aKDruSIY8%2FINNLMClh76dqtKoAT14gxHvBzVtkPOHkU779%7Ctkp%3ABk9SR6TvpqXEZA&LH_ItemCondition=3000
"1979 Ovation Legend Guitar - Model 1651 - AKA ""John Lennon"" guitar",$775.00,No bids/views,https://www.ebay.com/itm/276651085156?_skw=guitar&itmmeta=01J8H59PYAYCT1M4G3YZRMBVT8&hash=item4069b08d64%3Ag%3A2FsAAOSwRF9m7vQH&itmprp=enc%3AAQAJAAAAwHoV3kP08IDx%2BKZ9MfhVJKkfORqX5vOAHopDCR%2Bjmuk0CoUJupv%2FfD5FoKx0lQswKqXYKiKjEjlBSUVmiAMaAFn3sEHdZvH0iEU0bOPkY1LUDfETK%2F31pVLw%2BOYEa1PqDy2z2MUR4Qa9z9Au8hf9OzhSsv5Kfo4fHaehLrouK4rLZnrK546Syf5yXFlvIie1In9dcifKrzRrS6bczgzzzybuQGN%2B6x67f5ucxe6omSU%2FaBEgXLzoaY0sg7puJEYzLg%3D%3D%7Ctkp%3ABk9SR6TvpqXEZA&LH_ItemCondition=3000
Boss Gx-100 Guitar Effector Guitar Effector,$794.31,No bids/views,https://www.ebay.com/itm/146048541747?_skw=guitar&itmmeta=01J8H59PYARGR312DS3CSYGB9W&hash=item22012be433%3Ag%3ADo8AAOSw8Exm8YQV&itmprp=enc%3AAQAJAAAAwHoV3kP08IDx%2BKZ9MfhVJKlbHJGCNNPsEDi2odtSWUvzJONmBWM%2FwnLHfIXIhKVgOO9WeqqWw0dnZIHFiESYm2x4upj2ScvUiaFPKOVd5IXR15zY%2BrakFvaP2j%2BzGvWdqGgz%2F6OkGFpTAETlCVu%2Bc4ghfiAZhlu9aR858iw7aRuliE8GPNACzqE3o9y%2FxF2eEMvfBH0mSuxsh0tmR7am35mAVoP45fhu2pHf0eHsQlcCH1Tm8Aga%2FiWNbe4Q4HU%2FqA%3D%3D%7Ctkp%3ABlBMUKTvpqXEZA&LH_ItemCondition=3000
Donner Boost Killer Booster Guitar Effector,$69.98,No bids/views,https://www.ebay.com/itm/146048541699?_skw=guitar&itmmeta=01J8H59PYA7KE5BBAFZDVA5836&hash=item22012be403%3Ag%3Aw%7E8AAOSwKAVm8YS1&itmprp=enc%3AAQAJAAAAwHoV3kP08IDx%2BKZ9MfhVJKnP8z5YGeDWQZSJzpwfZDEHJGsDgIkvAYOi9Fo1w%2FSgJ6gAkiHlTpdfc2tDeolxAIqqplM8c8tePiNeNF%2BeqP8h6yMjrCQHoqqy2eJ1J%2BukbU%2BaS73EbIjauC1h3RFiu5lVVAaQxdyhU51DMTsgxpaq%2FGACZIQIR4leokZjwQxuV2WDxf5d1D47z5KARB6m0a6IOdiJStqr%2BbZVtIiR5z0ggfU4PUhJwrxAtvEyIox6KQ%3D%3D%7Ctkp%3ABlBMUKTvpqXEZA&LH_ItemCondition=3000
J. Rockett Blue Note Overdrive Guitar Effector,$387.04,No bids/views,https://www.ebay.com/itm/146048541725?_skw=guitar&itmmeta=01J8H59PYAXQVXJ2PXDK86KGAW&hash=item22012be41d%3Ag%3ASKgAAOSwSAtm8YS7&itmprp=enc%3AAQAJAAAAwHoV3kP08IDx%2BKZ9MfhVJKl3oIWTHHiLMt0EaanwsQnXMRwuORf6ZglNDRYO9S5f3uGyl7hxQlMjk%2BCCB09oXoIx5uL89VdVEfQmTt4OSLihXQf8NJ3JRN3JxNhLxRCj6MncsKQ%2FyIOxfD7wRvU0zs3ewafLmKfVaaRnF11yxHh73qlwt3wC0Cws8Ovf%2F1dvL8YssbabdE%2FVQSPS2monOjFykPre1E0YEJ75pifVva01SnuPbVpMHvi3oG67ie00bA%3D%3D%7Ctkp%3ABlBMUKTvpqXEZA&LH_ItemCondition=3000
Mad Professor The Green Wonder Guitar Effector,$276.93,No bids/views,https://www.ebay.com/itm/146048541706?_skw=guitar&itmmeta=01J8H59PYAAN1PRPXTKG72Z5K9&hash=item22012be40a%3Ag%3Ak1IAAOSw%7Ed1m8YYQ&itmprp=enc%3AAQAJAAAAwHoV3kP08IDx%2BKZ9MfhVJKkfa%2FEcrhAmLXsH%2BNxo6PE6%2F3%2FzMOfN0%2FLB%2Fx4cD7VBeUqyjTFES3sH%2BloqwpZh0N648V%2Fqy6%2FKLVIGPLfR7MHsTAiqkuZsU4KGsib4Rr%2BnedtxrnZum4wtR6yWf74%2FtlrgUXBtsnUiHYrNBIJmLxXGImXHUFztQM%2FStB8ltnKBUM8lBFgliVzouMGCUDeqRqqKIFpKlk%2Bd2FNy0S3bGUPCxKOjlAVdv9%2BzFGhpTXWgqg%3D%3D%7Ctkp%3ABlBMUKTvpqXEZA&LH_ItemCondition=3000
guitar,$25.50,0 bids ·,https://www.ebay.com/itm/166987488682?_skw=guitar&itmmeta=01J8H59PYAE28BHRPMQEVAN6Q7&hash=item26e13addaa%3Ag%3Apx8AAOSwl1Bm8eiM&itmprp=enc%3AAQAJAAAAwHoV3kP08IDx%2BKZ9MfhVJKmLwfqXy4KOQYgHCY4yVMpJDLSlyk13hs0tz%2BoW15ZYTefRKSvEEOup7oMV5yEAVNIMiXNCfFAkLF1jUsN1gPlfCs7l6nvfZWhONWHFdl9wj6IxDSJzd4rfxWyUyYJ4AZdTnCsx2wOzJudF1hfvLIvDhi4bkAcjA995BdsRK70O82mg31MLHP8s9XlXlPvGpMZmy1zEm%2BpEkX07xQE72THGJcFigQ50YeVebbw5ctlygw%3D%3D%7Ctkp%3ABk9SR6TvpqXEZA&LH_ItemCondition=3000
Yamaha A1M Acoustic Electric Guitar With Hard Shell Gator Case,$399.99,No bids/views,https://www.ebay.com/itm/135265714064?_skw=guitar&itmmeta=01J8H59PYAAVQXD83A683JKYCX&hash=item1f7e76ff90%3Ag%3ARSIAAOSw3KFm8huT&itmprp=enc%3AAQAJAAAA4HoV3kP08IDx%2BKZ9MfhVJKkDPk7mKdZykYYjBjksUYE6JbS5TyVLAXIfkEXH2uyG44MCWhWs%2FgjTXuN9N3kBi8g1D0lMGZMPOeHMegoo9K%2BzBvfVSMsCoqnOctfd6D6clnhxvfuwkObYNIWMsQ5tGK5IW8zsRKNo7arpvLGq9bPsdbYLgU29np%2BkWywMNsG3IwQCRxOypJUCVtBj6DnX%2B%2FQvfn1ZOKgCJ%2BL8KCLGPu5lTALMXyOvNQNrJyB%2F00mQ7YMUxW--XcqYWkQDhQ0A7ymyHZ%2Fs%2B638BPse%2BdQGEC0m%7Ctkp%3ABk9SR6TvpqXEZA&LH_ItemCondition=3000
Yamaha F-335 Acoustic Guitar,$24.99,0 bids ·,https://www.ebay.com/itm/315781579987?_skw=guitar&itmmeta=01J8H59PYAQ0NTJJFM0S5JX81Y&hash=item49860c84d3%3Ag%3A08UAAOSwTqpm8i5F&itmprp=enc%3AAQAJAAAAwHoV3kP08IDx%2BKZ9MfhVJKlusfhrRx%2B1xP6r6DkMNlEceB82%2B%2BA--8Jm4abgHpHLD4rphvS7bUf0vIyDTHcvI2Mva5I%2BIHx6%2FM%2FFZB40hREBwLi3w51QsXEj9DP3p3m3faDhiKiD%2BWNUVpoC6EOOQ8BFWL0vxJF%2BaKcCe%2FwrmAjhRcm87LQC%2B9SjuFNGGB0oFYYh9uKL87ZriU4r%2BtknTm6yS%2BUPJhprCh0l45%2Badh7JOHxaRUujsOGMs%2BZLL8gcWw%3D%3D%7Ctkp%3ABk9SR6TvpqXEZA&LH_ItemCondition=3000
Dallas Green/City And Colour stage-played Breedlove 000M Deluxe Revival,$670.33,31 bids ·,https://www.ebay.com/itm/205008753196?_skw=guitar&itmmeta=01J8H59PYAYPWJ0A661K9ZP751&hash=item2fbb79522c%3Ag%3Adi8AAOSw83lm8auw&itmprp=enc%3AAQAJAAAAwHoV3kP08IDx%2BKZ9MfhVJKkJwO4vWbU6kOM%2FzxDER2iZy1m%2FS2o9gc4PEzoqS71a9UXFA1nVBoUhX8rlriAxxMyY8Sf2upGwofhwKT0rMGPl5%2BbVCYAC84whZ8e6JZHgqsXtj0NURS52NKf2CAS%2FbrfyO1TCXU4DZ7z%2BKwfoC0cBX4eAD4ybhrRnd567%2FAdqnHOw8%2FdyO%2Bc3mcChbjsUa%2FUvSJBlY%2BTGRkohgP%2BJzcslg3TFqp46JM%2FCRIKzI8sdRA%3D%3D%7Ctkp%3ABk9SR6TvpqXEZA&LH_ItemCondition=3000
"Donner DAG-1 Acoustic Guitar 41"" 4/4 Full Size Dreadnought Guitars With Gig Bag",$31.00,13 bids ·,https://www.ebay.com/itm/356071652615?_skw=guitar&itmmeta=01J8H59PYAPVS6MWW9MK8Q3M8F&hash=item52e7863d07%3Ag%3AOOMAAOSwd4Rl9t1N&itmprp=enc%3AAQAJAAAAwHoV3kP08IDx%2BKZ9MfhVJKlWvPkCZm1y7KOwaiTQB27jBDAIBIMdHPH7OEEj9tsmleHzOBTC40Pns1fbYIhmccVoGzf4cZggfdrdK9XbxfNFLkIF2hxgpPHrD7OsyLaiiR4B%2FQb3xvf4OVkpOO%2FSMAfk6bx1gHuPtm4Z%2FPTytxlZBap%2BGdpspr7o0yczNFJ7FR4Q13a2ecoBocBd5y4OAuXptGUi6pE7Bifk7v0DGcUh2q%2B1op%2FdfP%2FR2XoOLr6MAQ%3D%3D%7Ctkp%3ABk9SR6TvpqXEZA&LH_ItemCondition=3000
acoustic guitar used,$70.00,No bids/views,https://www.ebay.com/itm/186697994513?_skw=guitar&itmmeta=01J8H59PYAG1SDRWD2NTWHWAXQ&hash=item2b78115111%3Ag%3ATckAAOSwCzBm7OWp&itmprp=enc%3AAQAJAAAAwHoV3kP08IDx%2BKZ9MfhVJKlRuYCmyQuPyeRA0SOliv09Iz%2BPjLHdzrZ8FWKD%2Fp0qPxtC2%2BpkcvVkdaW6MNdXxWt%2BiJk1vEBrMqtvKkcdCwoKj8FIHflrtMhnpoI45sfr65X5xQWxVsEB4376hTUSE0DXglX2ea69Z%2F3p%2BgB6iXQWNIePzOmB1WrcpMKB%2BOOmz0LXaC%2FHar2dibjlcTisX%2BZ44gk%2FCt9skvz3nuZpkqsC9xQ%2FWB%2B8R6gkc2AGUP4nrg%3D%3D%7Ctkp%3ABk9SR6TvpqXEZA&LH_ItemCondition=3000
Electro-Harmonix Holy Grail Guitar Effector,$514.24,No bids/views,https://www.ebay.com/itm/146048541742?_skw=guitar&itmmeta=01J8H59PYA4HXWKTE65VF832JS&hash=item22012be42e%3Ag%3AVCcAAOSwSm9m8YQg&itmprp=enc%3AAQAJAAAAwHoV3kP08IDx%2BKZ9MfhVJKkm05nmAvZC2qDrWsBDQuv5CaJKiXzKho6eyjN7mRrOnm0rdvk8Nc37ypQy7UR5MEAWKDNjuUr3IrrsazEnHTsUUupnbR8tnGjjqTbBiaHb2r2J6NhAbD4qfnnNT9JmnoRgxwhHLmpNz3mOg7%2FmgAyWtPi%2BTW4etwhGGl157UD88o%2B%2BlqNSieBaZjpJNNOVKNEIUIvFdnxTU%2FCZknkAxs%2Fm9Tbr5sTUoQvDQ3qOFv96jA%3D%3D%7Ctkp%3ABlBMUKTvpqXEZA&LH_ItemCondition=3000
Orga Face 66 Guitar Effector,"$1,112.70",No bids/views,https://www.ebay.com/itm/146048541711?_skw=guitar&itmmeta=01J8H59PYAKXV4P8QT6DFBZTG1&hash=item22012be40f%3Ag%3AXQUAAOSw-fRm8YQn&itmprp=enc%3AAQAJAAAAwHoV3kP08IDx%2BKZ9MfhVJKmEgRnFra5TniZ1Vx3ZI6R588lcmzZiZFwVlNWgQfLdFaRshiLfK%2BSkRxu40pVgXk%2BHjehCwKvQtd86MtADrVPkiJHKQWwyhpKI8jtHGPR8jIQfQyJQllvU4xSHXUZHHFzCJ5fHDMnRP3zqXLiz%2BGqMZ9fYadYkJig5OA1uQH2xewiBrpHFLNiwNgCxolkUU32SyeU1bVckEf%2BDGIm4uZGklNjYmbvLl%2BMszWb63p7R8g%3D%3D%7Ctkp%3ABlBMUKbvpqXEZA&LH_ItemCondition=3000
"Donner DAJ-110 Mini Jumbo Acoustic Guitar 40"" Cutaway Guitars With Gig Bag",$56.00,20 bids ·,https://www.ebay.com/itm/356057610483?_skw=guitar&itmmeta=01J8H59PYAZ6TZ9KYEV0TZ0G95&hash=item52e6aff8f3%3Ag%3A08wAAOSw2XJl8eeV&itmprp=enc%3AAQAJAAAA4HoV3kP08IDx%2BKZ9MfhVJKm57Unu%2BxkC3Y5MZxzb65v0qexxplBFr2bZ%2FBuW8eIQoUT%2BeZsezicRt%2FnEfEGtZdtmBKjOYyWMBW23WifixLuhEwWz%2B5p7DxUSY8p7QQrFOCKAWB30%2FpfkB5rcf%2BUg%2FY9RJkWmuULd%2B%2FO6TGBzzvyUTJt6QjbMTWm2tF2hzD67LKSTedgCJo%2BSzpZQxx8gh73leZ15xqnTEUts5Qzh3k6alb98A6C%2BCLkBcwZWoldv%2BPNKWwCLjSPNftbwYks5dOnE%2FqJ3vgRkLRTc1YXDfudL%7Ctkp%3ABk9SR6bvpqXEZA&LH_ItemCondition=3000
PRS SE CE24 Electric Guitar Turquoise with prs deluxe bag,$400.00,No bids/views,https://www.ebay.com/itm/296710697298?_skw=guitar&epid=9063203280&itmmeta=01J8H59PYA0PN69F02740K3Q9Y&hash=item451555f152%3Ag%3AOPAAAOSwYDtm8fE9&itmprp=enc%3AAQAJAAAA4HoV3kP08IDx%2BKZ9MfhVJKnQ9tk819tu17oxw%2FnwdWTX6stFF7XBYLsdZwnFU0nqhtHw%2Br7w7W12CDiGzJdopZIzDa5NyTz1mBYMlqT6AoMThZNB6qPASKMkLRXNL7klzyAKy39eLxzgGpeaiPOH2MeWCCSxyhv3y1NbMo1laCzEe5tGBTZAPR6Vs6L3TeXVe76ofIwwzQw%2B9pSti96bxaVoyPYcMCZeCZANSfje2wBouwEel3%2BPSAA8Te%2FPzccFJsv79VsUNhk80Tn22jV%2BSaVDrI6%2B2P36DcOt%2FkuL3UzM%7Ctkp%3ABk9SR6bvpqXEZA&LH_ItemCondition=3000
SILVERTONE GUITAR  SD3000PKN  PRO SERIES ACOUSTIC,$89.00,No bids/views,https://www.ebay.com/itm/256652409869?_skw=guitar&itmmeta=01J8H59PYAKFEMNR4G42ZFF5KH&hash=item3bc1acfc0d%3Ag%3AqMcAAOSwePBm8jbn&itmprp=enc%3AAQAJAAAAwHoV3kP08IDx%2BKZ9MfhVJKlP6RX8lkKvp8oSCYBHELvscPPuJTRiPCP2%2B9JIPVuEpJuA35VDNwY4VfiwAk1PxoVOAoGkb8N1J1wkeP9xwYpVeYvVrJxB29%2BtUVuQMXx2ahIr9MlgtztEZ09CNri3xOV501Tmy4ER9cjhUu6tKRIsP%2BAwiIv87I9JbGO8kH4pHa5ooT6LE0JQf%2FFMvRIK%2FrJ36EVvMrRm9nvICw4ZXQ3IlIhK0gDzcGj3Bas51uYe4w%3D%3D%7Ctkp%3ABk9SR6bvpqXEZA&LH_ItemCondition=3000
Playmate Dean Guitar missing string,$50.00,No bids/views,https://www.ebay.com/itm/387416321613?_skw=guitar&itmmeta=01J8H59PYATR68AV063YH1JGFG&hash=item5a33cfee4d%3Ag%3AI48AAOSw6yJm8g%7Eo&itmprp=enc%3AAQAJAAAAwHoV3kP08IDx%2BKZ9MfhVJKlxUewV1ZhFa8%2B0NiUjb9VKfr1%2B09GbOGOZ5Zfe7KapKf1PnBkSsBCY5ZopJokdQ7rqWmonTQNV50%2FK2H3ZyCd%2FZJ6AHXoqkeX7ju5gFm7a78pVOhngj6D1PA231kwDasnCLXmX5X0QAKa6jMRcbshgaC7R%2BciMHLpSW%2Bwv1Z%2BSiH7ZmkpDcj9KPZ1hQ%2BlWRh16jqX%2F5pW6ED0ZpRrWXFfq90E8k9cVccW9OxSudMIkTQ%3D%3D%7Ctkp%3ABk9SR6bvpqXEZA&LH_ItemCondition=3000
Red Fender Squier Mini Stratocaster Electric Guitar,$90.00,No bids/views,https://www.ebay.com/itm/387416708584?_skw=guitar&itmmeta=01J8H59PYAC58PCKN104ES156T&hash=item5a33d5d5e8%3Ag%3AxRsAAOSwdrZm8jIs&itmprp=enc%3AAQAJAAAAwHoV3kP08IDx%2BKZ9MfhVJKldWZQUWenX4SgC2zVigFWMMrmZNc6iLy%2FgiH9qzmScIsVMoDMp6OEBSXwA9G7UgpCsGvhOZxz29MtQ0wz0bhxaJbIUp8azhpPrAkc3Y1Ob5MGFcJNUb7wFERkzCBgYn2M6QUuZlPM76xcl73yHvdJ67jgm8GZ8p704kmcqe4fPLhDZHKaQVz%2BstQkVJIo765usy%2BrTrZ18fJowK9CCZgXMRISkJZqAJ%2B8tuEWzF9pEMA%3D%3D%7Ctkp%3ABk9SR6bvpqXEZA&LH_ItemCondition=3000
"Hola! Music Classical Guitar with Nylon Strings, Full Size 9HG-39GLS",$19.99,0 bids ·,https://www.ebay.com/itm/395718473951?_skw=guitar&itmmeta=01J8H59PYA37T1ZKNYDZ7QFHA8&hash=item5c22a8b8df%3Ag%3AHzYAAOSwd59m8bcg&itmprp=enc%3AAQAJAAAAwHoV3kP08IDx%2BKZ9MfhVJKmAuCXHg7Ut5m%2FUnU1%2FSfEZq7l%2BMS5BlOJ5RF6DvdtBIopZ6ColNGpB43z8aX3zb1o6RO6GG3NW8RnPgBRLSH8q%2Bj%2Bi2SBWcBPld5a%2B%2BZtvumptOanFTLfa8dKWFV%2FA%2FR208Dl2OEIFu%2BolDn%2FTIJj4UNZnCA2mEDGAt%2Fe2u7Re7ndO5RBMc1h%2Fgl8aYFo4GZ8cGvb18zMz6hQrFlmK1dlmgMatLQX0v0VgCIiyKE4v0w%3D%3D%7Ctkp%3ABk9SR6bvpqXEZA&LH_ItemCondition=3000
Taylor Academy 12 Acoustic Guitar,$425.00,No bids/views,https://www.ebay.com/itm/305801303829?_skw=guitar&epid=21065570369&itmmeta=01J8H59PYA40S5F1NGV2FYR4FD&hash=item47332d9715%3Ag%3AaqgAAOSw15Jm8dqz&itmprp=enc%3AAQAJAAAA4HoV3kP08IDx%2BKZ9MfhVJKmCYCrO87uBtgKBeeIkmNFwG6%2B6V8VooRlRPBeJeifmAvJ%2F8mIWhBIE8QutlJwSelx9m9POcP7Riq32ivQtjMCsFhT3iMMm5Y8a%2B8uBtm6qAV%2BrxXeGEDBh35JMh8GiIrNuFy64S8%2FuBN%2FjhNN4d4htIfSjMuTHgK01ZwvMifAVOSpR5rqZyTAYtRF5Z9HPhiP2%2BTdPnVqFRMEaayvP5ZLRIdjttBg87A86rY9CgFzLFS%2FZoqzO7CRJawyd6nJ1jnLl%2Fg4Fe9QYl6mbPyMXpbFa%7Ctkp%3ABk9SR6bvpqXEZA&LH_ItemCondition=3000
2006 PRS SE Customer 22 Vintage Sunburst (NICE) Made in Korea,$350.00,No bids/views,https://www.ebay.com/itm/256652339516?_skw=guitar&itmmeta=01J8H59PYATZM1WZMG4BWPWHV2&hash=item3bc1abe93c%3Ag%3AcbkAAOSwnpZm8iT9&itmprp=enc%3AAQAJAAAA4HoV3kP08IDx%2BKZ9MfhVJKlb%2Fw2r5vH3utDSnWEstFfdeGCR6VY171v6BhpWp9ntDuMhC4FY%2FM86yi3y%2Fn3BY3A0AhIAju9gCEnrgMeZcMmwYpdBGvM%2BQIdhsIy39fI3wMXFpBKlqW4v9gomIsoVhs6FMZVFBGPI5WgklBPcbicvcXMx3t7Fti%2Ffe8%2FvRVjnZ84mvEXZzDQxL%2FVVrDN%2F59BfDw5qiJGHfj85gxE3DB6W0aRvkZCM8MJbxpKRWED9hBvrgn6r9gkqspLKojp56HOWvCHUwM883ELuBWgQxvgK%7Ctkp%3ABk9SR6bvpqXEZA&LH_ItemCondition=3000
harmony electric guitar (loose string),$90.00,No bids/views,https://www.ebay.com/itm/315781106033?_skw=guitar&itmmeta=01J8H59PYBCA2MN21A0XTRN6WF&hash=item4986054971%3Ag%3ACPAAAOSw3p1m8fsg&itmprp=enc%3AAQAJAAAA4HoV3kP08IDx%2BKZ9MfhVJKlvStusN5NzBLWbJwjH%2BcZQabwvzhyZJGbCLOXwdGrMuRixxeBHZ4T3dnEmkCE3Aol0tNLDsFUFrMP0sTdpYUp2OaWthp1Fl%2BtXD0EyJIWEIxFCXbGuolO%2BKScJK1b8R0PtO5X%2B9zYXrbf3I3F8s9RBGiUL6Ne6mgUNH4te4oAHNEogYn8Xm%2FrLzO5Jl%2FbTR2beMJUrY8dzNwQ1R4XjwKCeUcCPYIuyrcU5DDv%2B8iRwb%2B4uZmLcww19lY%2FjUsSnzCcoddDYPWE8Pb9tyKak3VQC%7Ctkp%3ABk9SR6bvpqXEZA&LH_ItemCondition=3000
Suhr Classic S FRT J-Select Electric Guitar Made For Japan,"$2,500.00",No bids/views,https://www.ebay.com/itm/267002421633?_skw=guitar&itmmeta=01J8H59PYBC3N25HKRXHS90VYK&hash=item3e2a95a181%3Ag%3AFzUAAOSwpjlm8jK1&itmprp=enc%3AAQAJAAAAwHoV3kP08IDx%2BKZ9MfhVJKlPmVrFru4GKrgKo4vbGwV9aW2U5Mfe9LdlmIbv3MJkc0%2BPKfSQt6kEkt8AeA7z1Eqc44gvbdmydl01FPJG6Fqol%2BxwdR4YkXKymTLWmriv1eKor8ZgTPIjV1tiQsECfrFr%2FQuhnJAP7qCea6mCv9f%2BNlFck%2BL9bw%2FA8U4Zlu8Q6vv%2FH80CykcUrLPJnI2Dleq8XOIINQOAl8TXsvRweKSvngHNdQ2VvjgP9%2BDNkECPLg%3D%3D%7Ctkp%3ABk9SR6bvpqXEZA&LH_ItemCondition=3000
"Donner DAG-1 Acoustic Guitar With Gig Bag 41"" Full Size Cutaway Mahogany Wood",$57.00,15 bids ·,https://www.ebay.com/itm/356057252156?_skw=guitar&itmmeta=01J8H59PYBKG7QDB9P7J7E7WBW&hash=item52e6aa813c%3Ag%3A1RUAAOSwrrBl9tzr&itmprp=enc%3AAQAJAAAAwHoV3kP08IDx%2BKZ9MfhVJKnwu%2BuLP9mYZoBee9B6RCPLP6ojDyfstbZ92T5MEs9SVezXf%2BtdLNitTK1xWCJGuIFzzvRZFC6S4jthgG0LKkVuxqa4vUKvUU5n7XeYF%2FPFwj6NUw4Gn2IISGNXyUfFE%2BjA8RET4pi33cn904pbmimK6wYfSQ5R7jkz4zKc9bbGLZ%2FivjlAN8LaZBijX7O76EUnDsw%2F2d%2FLFC3q0pO4Q6qimrQlbq%2FTcUdxnzBQmv0WzQ%3D%3D%7Ctkp%3ABk9SR6bvpqXEZA&LH_ItemCondition=3000
1992 Martin 000-16 Guitar & Original Case Rare Model,"$1,850.00",No bids/views,https://www.ebay.com/itm/135265695158?_skw=guitar&itmmeta=01J8H59PYBRZ453QWRP0QZQASC&hash=item1f7e76b5b6%3Ag%3AGQYAAOSwFaFm8hmS&itmprp=enc%3AAQAJAAAA4HoV3kP08IDx%2BKZ9MfhVJKmTYNZdYT0ZrFiAzlJ3OeSZl5NhuuihlkMsnrcn0pp8qLG%2BJ8Inc1lrjDPDI66bnz8IS6jA0fmfY8qe3AzgYqkgQjM49L1TcSnF3Bp9NsAQm1zmmFHDy4PwbOk7wLClbEJ9fdrVKU5w5a0kx5TqDd2eUwyv0UrSGwKsDRHQxI4B3JrTtJdxfO4DKZUI0RY5tickpTUUY7CtrAaeEg3jibVR1BeYLPwMyKClxRz24Jy1KHMfNwVOlSxg6OLB6jp3bJY5xWBoY1wThKO6pILWcReO%7Ctkp%3ABk9SR6bvpqXEZA&LH_ItemCondition=3000
Maton EA808 “Australian”  MINT Acoustic-Electric Guitar,"$2,699.00",No bids/views,https://www.ebay.com/itm/375668422288?_skw=guitar&itmmeta=01J8H59PYBBRFWBZ96E3N1D4Y1&hash=item5777953690%3Ag%3Ay0YAAOSwnwJm8i-f&itmprp=enc%3AAQAJAAAAwHoV3kP08IDx%2BKZ9MfhVJKm1TeHj2%2Bd%2F7yRnZOnbyLIss3sAaoM4IdOMUYHaiv8l%2FPjdj2RUlVk63xDsfmGNJXIIihXPGffcvIBkIwrc1PgIvH5fC%2BGI9g9G1vrBPrZqfdhesVqV%2FiwYOSMmIDOcWmwBDMnKaQTEUDfuO5JwaUAthtxtHs4Yia0zBEIvpfnoTCD51Chr3Alb1Hs4s6ZcdqK91g6GddgWm2XBP%2B%2FqAnQAz2hPn%2BUvbyFAgzCeAuwn2g%3D%3D%7Ctkp%3ABk9SR6bvpqXEZA&LH_ItemCondition=3000
Martin Junior Series Special Guitar with fishman matrix pickup,$500.00,No bids/views,https://www.ebay.com/itm/256652181531?_skw=guitar&itmmeta=01J8H59PYBYYY83KGTZYMKCF85&hash=item3bc1a9801b%3Ag%3AvUAAAOSwL95m8fka&itmprp=enc%3AAQAJAAAA4HoV3kP08IDx%2BKZ9MfhVJKnKplDY2tNlnincGpMGxN30gpwMbrs3QPF0lc4PZnHVbTZLu5jshbxv6lWCBxAleOYtqSDOOA4l0svFMgbbHWG7JNTULeL5J0JvyEmWnSyglc%2BTQQ8tM2%2Bx0IzpBA73dcGwVReFXwiokA251gTY%2FbMNbQxaGiRe%2B8aUAlVER1jw02nH4oRARgmkF2P%2BVEsbTG4cB15yACqwlSWJlcodoBEonh4dsciAGiU%2Bo3oRL6%2F7xPdSMlI2N876uv2i1FCliq3ziqxU1jrnKlavLimj%2FfWt%7Ctkp%3ABk9SR6bvpqXEZA&LH_ItemCondition=3000
Ibanez PF2MH Performance Mini Dreadnought Acoustic Guitar,$70.00,0 bids ·,https://www.ebay.com/itm/146044097520?_skw=guitar&epid=9003303208&itmmeta=01J8H59PYBXD0KZ5CN79BQ3440&hash=item2200e813f0%3Ag%3AQKgAAOSweFBm5eis&itmprp=enc%3AAQAJAAAA4HoV3kP08IDx%2BKZ9MfhVJKm2xmKK3wPmP9rWDfwByJCChhr3v13m0QNtpo3A%2BgUOpCvEnbug8wErwcJ4Frn%2FO6dOy41QHt5ZXP6F3FI5N%2BAwHAGwuFS3w6NfvtM1WqlUSXIuabQfogs5qyKUdq3wbbd1DC75TLK7VvzrUCuxfaxhhnhdBWQ9tCbRhSPKHxVllyflLkkt1a0f0TDjDYjYEV%2B2GfrbQb2MbWuAElhm%2FyqQe9K%2Fuy5nU%2B2nr5HvrMzZL%2ByPfpX%2BUJrfb%2FhxQMnjkApcpam%2BLBQuTvWeqP4m5M6I%7Ctkp%3ABk9SR6bvpqXEZA&LH_ItemCondition=3000
Georgeous Martin HD-28 Acoustic Electric Guitar,"$2,199.00",No bids/views,https://www.ebay.com/itm/286075206883?_skw=guitar&itmmeta=01J8H59PYBX8N5CH5KDKGZQG7K&hash=item429b693ce3%3Ag%3A0IkAAOSwWQ1m8cgJ&itmprp=enc%3AAQAJAAAAwHoV3kP08IDx%2BKZ9MfhVJKnvGVC3vJenrf85Eilc2PjAZ1R2gGXaloQliEWQAEcgaLN4AXPboWfATHdf%2B46KYyAkbhEVVnlMhEkbUUVDsY71YLwswHsm37mo%2Ft2pcho8j3ySt2tZgIzIve6ENiO38l%2FOVyenMXHcpEnn1JCMB3MeP4tNrYDxk1PNhQ7wBz76idP%2BhISvcFrnQmWt9WbTADct7hv1BhaRCAfYububV6xc5LP4kXGkxfihKh29v5p9QQ%3D%3D%7Ctkp%3ABk9SR6bvpqXEZA&LH_ItemCondition=3000
Guitar,$200.00,0 bids ·,https://www.ebay.com/itm/146049761967?_skw=guitar&itmmeta=01J8H59PYBQX4GZE94TZ6J4E3Q&hash=item22013e82af%3Ag%3A2vcAAOSwdzNm8h3j&itmprp=enc%3AAQAJAAAA4HoV3kP08IDx%2BKZ9MfhVJKkPY2hoSi8IOoRlzb1tBRW3RZlUBN%2BtSpVCkRTO%2Fw1vShjmZUSmCNhd4T43A97D7hjr66xjfRpk6JG3MGVageYzuCSQxpCOEB1UWJfVZiO7J%2Bmi3pDyHef2qiJar57gVtdoZrkLMDTdxD0E5mz%2BcalveJ2%2FHdO3vZiWNKHTYOtMTQyncsu%2B5le4kLLsxQoZmc8omBGSXKfnIi3JXDieQ0nT5JsHq9bjxlWsknDYESE364ndOZekiXVhNBWMy3nB%2BGb9bszavhlr7C4xy0cPlU1Z%7Ctkp%3ABk9SR6bvpqXEZA&LH_ItemCondition=3000
Fernandes THE FUNCTION Electric Guitar Red Used,$355.00,No bids/views,https://www.ebay.com/itm/395720257301?_skw=guitar&itmmeta=01J8H59PYB1DGWG35DAKWG6Q01&hash=item5c22c3ef15%3Ag%3AYbsAAOSwkexm8kC%7E&itmprp=enc%3AAQAJAAAAwHoV3kP08IDx%2BKZ9MfhVJKm3y3thEWjfDXawhnM9FvpW1LKo%2BTXe%2FOtHEfaMpcLXy%2BaZact0jHSlOHhKexwMH7xgzRDAXFEuyTh85OuFXSz2rfFyHeeO8rz5ZfCoZ3BFDzjzskVdRR0vV3ibcLygXjRRHl6KDJr%2FHSoTu9Y3teW3YrlJQzkTXKpPOXLo1%2FZjgKwdF9O35AqOuLTlLQ1Wz3j4v8GGcPoJdoEMjI9UbbX7GQGRZiYQok94FWE2pUyrKQ%3D%3D%7Ctkp%3ABk9SR6bvpqXEZA&LH_ItemCondition=3000
2 Guitar Effectors Guitar Effector,$100.49,No bids/views,https://www.ebay.com/itm/146048541782?_skw=guitar&itmmeta=01J8H59PYBFWQWJ46M1CYSJ3A1&hash=item22012be456%3Ag%3ApnkAAOSw5ahm8YTJ&itmprp=enc%3AAQAJAAAAwHoV3kP08IDx%2BKZ9MfhVJKmnO2S64wrjP%2FY3Ps3b%2BhH2u8AeELxKm5RtwqCY1pbHBlI3W5BXmK7LYt5SQzV95b7t0uHLPpG0WkEQO%2FBhAlvtsV4lHV%2FvgFEbTFL5Zxqp15zwFAgGyzT0NYVFXbAW1bZp5NfvhbrE79DR8rT1BJrSZ1ROE%2BbAipVnwikKQXV9MWFen%2BAk%2BLBn0OF3EfH9dCCQZmnKTRNYZl%2BTOWYMX6qBxb2P74cuMVqNEaHM3K4qEA%3D%3D%7Ctkp%3ABlBMUKbvpqXEZA&LH_ItemCondition=3000
Z.Vex Distortron Guitar Effector,$203.96,No bids/views,https://www.ebay.com/itm/146048541783?_skw=guitar&itmmeta=01J8H59PYBQRFEG7D415EG022T&hash=item22012be457%3Ag%3Ab-8AAOSw2AZm8YTq&itmprp=enc%3AAQAJAAAAwHoV3kP08IDx%2BKZ9MfhVJKlE3nLN3NKxmLosvn60DBUGLGRRCTJiCx7ZGgGeklTJEWFGWkbO98RpiVe7RCG6vMfn2JmoYl%2BLrg55ZKZxFL1wjKTs0t155eBCvPI8883oS0l6VrxRwtd3fMsnGSfxCZqyU1mnikk1RMxKYuf0w95Pl0X2%2BXQPN3JJ%2FedAj6wl7qEM1mPcZMd3DDouDAX7NL3m%2Fvo9L9H9Jwi5lc6tt%2Fg4TQhqTs8Kq8J1QA3WGeEa2w%3D%3D%7Ctkp%3ABlBMUKbvpqXEZA&LH_ItemCondition=3000
Boss Rv-5 Effector Junk Guitar Effector,$137.63,No bids/views,https://www.ebay.com/itm/146048541660?_skw=guitar&itmmeta=01J8H5NNWW1MKGV2E0R516KN7C&hash=item22012be3dc%3Ag%3A-IcAAOSw8mRm8YQ3&itmprp=enc%3AAQAJAAAAwHoV3kP08IDx%2BKZ9MfhVJKn4Y35OGkhF%2FqzYmZbtKTTRjyEPrf6Mk3M7tQvadb%2FMh5f0iJwZFhGfoktXRciDNp9w%2BP6WIVBKsE9HEtV8REaspBxo8jXyI4Y9RnPgeto%2FQH3HoOR9Czlt5j9c1hrwtP%2BxZuqiSIzUyQNfhx4AtClrYrJfPVnN2hb4xNLj8bssSEipgj8ZHRLr3Wn2impepd43fJozKx%2FEjfoy9%2BCjMzyFuO%2FFmJTzC2WBwfzAn%2FCYgw%3D%3D%7Ctkp%3ABlBMUMDe1qXEZA&LH_ItemCondition=3000
Digitech Digi Delay Guitar Effector,$353.88,No bids/views,https://www.ebay.com/itm/146048541710?_skw=guitar&itmmeta=01J8H5NNWWDHEZPVHX6Z0VJTZM&hash=item22012be40e%3Ag%3AB-gAAOSwpjlm8YTJ&itmprp=enc%3AAQAJAAAAwHoV3kP08IDx%2BKZ9MfhVJKk8hRrpNfknOa8pUX%2B%2F0w76QLZ2EARCYWHAoBgigZg%2B%2Bm6u8XmCVHOmTB%2BbjLBSM9RsRnEXu1AJ4P1hPKmO%2BkTfggPRnUpQfJQNNMdyu21Og6Nkjb%2BqAwwKtq8XZJiH22glDv1%2B3iBPzWuF0KkBoRVyHz4mfMF1lGurng%2FUJWPq%2FXsaa8S5kHG%2Fud8bxcN08G7GDdFWbxbBGe%2BBLaUiz6mHXqY6BYIy5G3kVKBv5LvHgA%3D%3D%7Ctkp%3ABlBMUMLe1qXEZA&LH_ItemCondition=3000
Electro-Harmonix Poly Chorus Guitar Effector,"$1,776.01",No bids/views,https://www.ebay.com/itm/146048541727?_skw=guitar&itmmeta=01J8H5NNWWKN0DZWNRSJD6DSZ7&hash=item22012be41f%3Ag%3A4CsAAOSwhmBm8YRw&itmprp=enc%3AAQAJAAAAwHoV3kP08IDx%2BKZ9MfhVJKnGLZDbG2z%2BWPXoc47LbV8cMPLWhgiK5SYYnJPmpryh%2BxJ5%2FMS1dXgGr6r8t3LJLtEy5bOMMYAaprpYVwJiDA6z1NXL28oXJN13cA%2BIYXy76JcOn9QYa6S%2FhFDgCGiIoKGRU%2BShEn%2B2g16%2BZqgDvJJfWPNR%2FFQTIsGCRb5cHd200qR38ElWsLV4IOFW3BQM6AztJ5gzxFE2DPeUXs%2FIH220Ekqf0QVuxHjUvuXVYAh%2Bjg%3D%3D%7Ctkp%3ABlBMUMLe1qXEZA&LH_ItemCondition=3000
Mooer Prime P2 Multi-Effector Guitar Effector,$287.55,No bids/views,https://www.ebay.com/itm/146048541791?_skw=guitar&itmmeta=01J8H5NNWWTXKA8VWGMK553Q3G&hash=item22012be45f%3Ag%3ATu4AAOSw9tlm8YQV&itmprp=enc%3AAQAJAAAAwHoV3kP08IDx%2BKZ9MfhVJKmumeAZv3uBMqQRfexCInj%2FHmXZyr9CAYJC6S%2Bmc2jik9v5qF2Kh1BZLWApbuxkrc8vZREKrTC9lAPXCfX27edmUcUN5zb%2B4GNdjQwYRbvtrwv0FDWZmH9HMYNbO9hoGQsYhCN2Ib3wgryalVSH8n93Vf6e1NutJBHa3YYfiBVbiusp2o5o3CysiJWchf3IcxxjQ01Q6O%2BNICREkxibmNQDIEuppfXAywDl6T1RERAtDA%3D%3D%7Ctkp%3ABlBMUMLe1qXEZA&LH_ItemCondition=3000
Guitar,$200.00,0 bids ·,https://www.ebay.com/itm/146049761967?_skw=guitar&itmmeta=01J8H5NNWWFG78J51T6ZEWQJXM&hash=item22013e82af%3Ag%3A2vcAAOSwdzNm8h3j&itmprp=enc%3AAQAJAAAAwHoV3kP08IDx%2BKZ9MfhVJKlNU0ZJ9JxZL%2BqXZgCEjoTzpKEFnGsgZz%2BjD65gQsMGjEe85T4iXYP67Kll6AMZ9KSb6yURlDW3wwy6R96bVJmXHrA%2BCkrhzM%2FDeE2FqhRG46I%2BNpaZLGi5vqcdq67w7bs8Yr33IvGuSu5Tvo%2Bw%2BzGpuwZ7TpbwHaAJ9O4AaHv3znkEOaX%2B%2FlJLeGWVWhA0G19Ivpu5eg0Sumu3bftwI9xNcT68zTKQrxVNHvKCBgFc2A%3D%3D%7Ctkp%3ABk9SR8Le1qXEZA&LH_ItemCondition=3000
Epiphone Japan Les Paul Electric Guitar with Hard Case,"$1,330.00",No bids/views,https://www.ebay.com/itm/395720276286?_skw=guitar&itmmeta=01J8H5NNWWQDWZ75AJR98T1TSV&hash=item5c22c4393e%3Ai%3A395720276286&itmprp=enc%3AAQAJAAAAwHoV3kP08IDx%2BKZ9MfhVJKl98NH0X2ORt7IvTm3EClhjZF0sSZ%2BAnsd4ItZIRF28bLJFZbNsqOyogiwn0WWWVrWPnSs7k26ENNZOXx7sCpCs5Ywej%2Bui9Bv9xUTeKbKV%2Fp45uVlYkaAR5CfGBunuUTCYoMUqAn1lOh2r6ybdU2pu0rlKBIj%2FzuOo0A1T4OWApJo9RFrYqO4sbn9FHRugBb%2B0ZjiUSoymULlKG%2Byh5YVUikYSnu6Fw%2Bu6CFotQiRMWA%3D%3D%7Ctkp%3ABk9SR8Le1qXEZA&LH_ItemCondition=3000
Alvarez 2560 Acoustic Guitar,$250.00,No bids/views,https://www.ebay.com/itm/365131883254?_skw=guitar&itmmeta=01J8H5NNWWYJXA01NTH9X8XN4S&hash=item55038e62f6%3Ag%3AC44AAOSwlTJm7f4e&itmprp=enc%3AAQAJAAAAwHoV3kP08IDx%2BKZ9MfhVJKn%2FhjJ0EF6U4iTfvzBNqKnoi3M0SDLGjjPpSJ%2FKd3M%2FI3douiqUUhQ0N--0AO4W5MvwoftepH2NCpikVkSVXClv2rQBuLvs8FacqpqyjEUTj5OCrhvIBjRDtrh2%2FBYVGw1CxyqYl0s8hKd1x%2FrScYbX7Rg5dTcuy6L9yPeO8LoHwPO040nQ5bAS7DXViwVDmzEmHheeyUCrfXPcYABZt%2Bf1gZtSlbQrsVXzj9wPNfau4w%3D%3D%7Ctkp%3ABk9SR8Le1qXEZA&LH_ItemCondition=3000
Greco SPIRIT OF THE LIVE Electric Guitar Used,$427.99,No bids/views,https://www.ebay.com/itm/356081336198?_skw=guitar&itmmeta=01J8H5NNWWM7VB1C45QRT8H146&hash=item52e819ff86%3Ag%3APV4AAOSwisNm8kBL&itmprp=enc%3AAQAJAAAA4HoV3kP08IDx%2BKZ9MfhVJKlC9dE%2B%2FbA%2FDS%2BY45p3Y9NWlH%2B0h7Oeu8REoyJ8SARQWFPaZzTv2E4x%2BkRR8bSn%2B0MWavRVnost2TXoEzCgTm47MzcDzuFz6hnomO2EXZzIPP5GAIn5y%2BTJHqK2AfnM9YriqFwXI%2BUPY1C1Mco665mIKL%2B5pyhU4Wv3Lh4DHdCbd4iM%2F7Ygo%2BPLaJ%2FJvJAxqTnxlz1V95htT%2BeT0kJNXpMJNmYoE2p3OW%2Fpde9h7YvaHwiwhChnQ5yEcED3tX7xzGres2OTuCJJYGsgh2nBNO3A%7Ctkp%3ABk9SR8Le1qXEZA&LH_ItemCondition=3000
Johnson JG-420-B Guitar with Classic Hardshell Case,$309.00,No bids/views,https://www.ebay.com/itm/256651862082?_skw=guitar&itmmeta=01J8H5NNWW1G1477M4RB3M4NBF&hash=item3bc1a4a042%3Ag%3AznkAAOSwLfZm8ab5&itmprp=enc%3AAQAJAAAAwHoV3kP08IDx%2BKZ9MfhVJKkGneIuHsOdwYQTNOyFFwCsl3FVz2lLTjqn0eDv43GMyZ0PBHTcnTNO8hUjHOrWNSUZxWyrohaYGeH0OhdqYnuzA2IIo8KVs%2Ba9%2F0IGPUCnqDwcJSoSxLh0CsQ4q1HEEhCkPtSu8K5B1PdO%2BuHvGDc6gnQp1btPBhnV7SfIDpDIVhsj11oQwxGls76Xk6Shcz8Orfnux1qZJoHAtvTcSfLKz2cKng%2B%2FuHuKyLyV9QH15A%3D%3D%7Ctkp%3ABk9SR8Le1qXEZA&LH_ItemCondition=3000
Taylor Ga3 acoustic guitar,$749.00,No bids/views,https://www.ebay.com/itm/126688725841?_skw=guitar&itmmeta=01J8H5NNWWGN0FHQV1H7Q1BBW0&hash=item1d7f3c8b51%3Ag%3ADD4AAOSwGUlm8d3D&itmprp=enc%3AAQAJAAAAwHoV3kP08IDx%2BKZ9MfhVJKmXhmmJ55VHIJZqoUlM1Cy5%2BnV7qnrq2yNhvBHPfXhJVCckw5ovaPNLE%2Bjs9h8LLFDXsFzM%2FabNyjsQlDp8VuroiumcAMsj9VQLRDjMhddoMPpdh7AyySFPfn%2Bm7f12NPoEgtc1lGmoTkrbuxdAgSTnoxPbUXRYRXzXVps6swXUKth63X%2BeQdfWEj0PpeKb4ZWVMWEcfNI8PeEcoMAWbyj5r%2BuV5ZyBt4n6NxvNuB7pHw%3D%3D%7Ctkp%3ABk9SR8Le1qXEZA&LH_ItemCondition=3000
Carbon Acoustics Cargo Guitar - Blue,"$1,800.00",No bids/views,https://www.ebay.com/itm/226357064114?_skw=guitar&itmmeta=01J8H5NNWWQJSED8R1HHWNM41M&hash=item34b3eeb1b2%3Ag%3AnlUAAOSwUOJm6eOe&itmprp=enc%3AAQAJAAAA4HoV3kP08IDx%2BKZ9MfhVJKk3H16xJTLe4jQlfPYdrhFZ9xHPl948SbVbjXK4JwYSjkWegPDRCXQL2c7MqnXe7w2RK67BJB4obLpGMfOHpDcdG64ui4CTEWn1fsoHaH6CZFWS9Om8ho48gU0GRHE%2B9aMQcafTmOrNpSKRZfRhvTD6XcleHuezSz%2BGEp%2B28U4GekDcTLwLwrWM5QzxNxybIZWVH%2Bd6hQ%2FAVC8fAhRdUgCBUVZH6myQa8dSDfQ1h2kysplDR6vhjB%2BdvHcuLto6z85NcsMcrKb7fEvoGQvlslYD%7Ctkp%3ABk9SR8Le1qXEZA&LH_ItemCondition=3000
Angelica CG112 (Half size) Acoustic Nylon String (Case not included),$60.00,No bids/views,https://www.ebay.com/itm/204984778929?_skw=guitar&itmmeta=01J8H5NNWWMNF5D7XRH74KRK8V&hash=item2fba0b80b1%3Ag%3ACd0AAOSwJvFm35Yl&itmprp=enc%3AAQAJAAAAwHoV3kP08IDx%2BKZ9MfhVJKmZhkm%2F1DQ%2BnsJBm%2FTW1zTDLAWhMewe2zDbklB5MA07c0plf%2FV7lE7%2F%2BVaKD10SezPC5XavxLeFbWduynhs%2BZ%2FB4LfLrth2fHoxIXIP5SfrHUz8ZracS7GEF%2BRWqJ8ap8v84pLdXd0WyXx3J5pA726hb3LPjMm1nMnOTsEq81E%2FHJzuqbO%2BhzHDxgi7MoeycspbA2j%2Fx4%2B6alDmByQDUhg7qbghQvEwEKehC6wrjYZ5aw%3D%3D%7Ctkp%3ABk9SR8Le1qXEZA&LH_ItemCondition=3000
Donner DAG-1 Acoustic Guitar 41“ Full Size Cutaway Spruce Wood With Gig Bag,$41.00,26 bids ·,https://www.ebay.com/itm/356064841249?_skw=guitar&itmmeta=01J8H5NNWW1K4A718RVR686XHX&hash=item52e71e4e21%3Ag%3AFicAAOSw0lJl8eVm&itmprp=enc%3AAQAJAAAA4HoV3kP08IDx%2BKZ9MfhVJKk0j3ZzvcdNeKlJXFxdInTqypoIKJLbmSM098cZFA61cqRC5dtNpy0pzcldnGDaE4oZrnFqNGfx9UsZtvdX%2FxJ02E8iZISrZ0wquRhRnIY2Wc9b5CKO4sMKtYY5xhdEBV%2FsuImTRfXtGPULT%2F%2BRnOrL72O1ElMTd9FtM2vldsSefuODZHdSmNiP7HtDEgSAH8r6KGieXZV66yQyIRVioyYde9RRUFDCDC3dCPdi4JN2UrGoVb1expR6ptOn6aFtE%2BrgrRYhnd%2BMcouGnI%2BpeRTo%7Ctkp%3ABk9SR8Le1qXEZA&LH_ItemCondition=3000
Maxon /Cp-101 Guitar Effector,$184.06,No bids/views,https://www.ebay.com/itm/146048541806?_skw=guitar&itmmeta=01J8H5NNWW8XAF298Y8X2ZTMSE&hash=item22012be46e%3Ag%3AB0EAAOSw-UBm8YQ0&itmprp=enc%3AAQAJAAAAwHoV3kP08IDx%2BKZ9MfhVJKmxnHvys9xTvttHNeQ1ipNAEGKZmlwft9Fj9Nm8Het1JAbeEk8mQczT1YhEZ0DRZvoALQVHMFpT%2FgVF3l9S7Q6LTzSEchsHQTrGqjo5k%2FlvcS1oYn0nswqhFsXbguCbezWGPp13u1YyEev1bCqfef%2FTL05u9PLMfsGBAGy1Rr7yqpnwX3S9iVEMZEyT2Q%2F8ENqjKl0ecl9yzeoAqRTGTG%2BnYLlrka3HNo%2Bre06A3MzPdA%3D%3D%7Ctkp%3ABlBMUMLe1qXEZA&LH_ItemCondition=3000
Yamaha Dg Stomp Guitar Effector,$166.82,No bids/views,https://www.ebay.com/itm/146048541678?_skw=guitar&itmmeta=01J8H5NNWW57BDMZE53CH4JV6B&hash=item22012be3ee%3Ag%3AS0EAAOSwlodm8YQ5&itmprp=enc%3AAQAJAAAAwHoV3kP08IDx%2BKZ9MfhVJKmDiLHH6hJV7i5MeyE0QiUBsLhEeGzSEyrT5AwoJhEqEwGmC8wWk46qsKEJTmzFXemdsw7WaBxyM5kQzrfiYYjfcilvMhwHB0jWLEyRLr2WyL%2FxHBXUl%2BJDVojWXRaQ6h8eW%2BUURE8HSUbtCqDWJflHlKju5rQsP3jhwoBUK2pjJeRszfIyxukYEAs5zKCGFwB%2BDGoG65hWtOiv%2F16br19ogAvwXAubgYS7A47A5y%2Fhbw%3D%3D%7Ctkp%3ABlBMUMLe1qXEZA&LH_ItemCondition=3000
Effector Bakeryginger Fuzz Guitar Effector,$87.89,No bids/views,https://www.ebay.com/itm/146048541686?_skw=guitar&itmmeta=01J8H5NNWWJ208AEAKPPQ85SC9&hash=item22012be3f6%3Ag%3AJeIAAOSw499m8YRt&itmprp=enc%3AAQAJAAAAwHoV3kP08IDx%2BKZ9MfhVJKlOZ484GjPNJG7kXFoZGAtw8A67GpFcU%2FdOLB2DWvS9CM4q1Kt1MnPosWVMbwWQgxVeT%2FES2HVD21gq9ygIaXrrOhajr7KVZk9nluNL47nXGiE5FPDqxDt0Hq%2FVB9nNGO6Z7rY%2Bm1jJTrAfBekFOybADe9p74U48EaRhR0Z5iBue6XlPayZfrOaDFPfwJE12uWm6%2F0qsQRDmBM%2FVJPV4xMl%2FnYIBWkyrCiDWwEG%2B%2BN%2FOg%3D%3D%7Ctkp%3ABlBMUMLe1qXEZA&LH_ItemCondition=3000
"WINZZ 39"" Classical Guitar Beginner Acoustic with Online Lessons Bag Capo Tuner",$80.00,No bids/views,https://www.ebay.com/itm/156422195567?_skw=guitar&epid=3036495772&itmmeta=01J8H5NNWWV7NT3W7CBJJ8APDJ&hash=item246b7d496f%3Ag%3AGsIAAOSw499m8GS6&itmprp=enc%3AAQAJAAAA4HoV3kP08IDx%2BKZ9MfhVJKnkkkLIKJzudYQeFD1NguMAqZhsEj11W8zXmA%2BHWqyjcA%2BH9rOkoedWCLth6X26oMG36dCh9Y4U6SLAxzOwyHKdbcDtmXMt2oRZHc%2BE02424W8VaLfHVBJxWRJFVLykia%2F9p9MliDp3VbLv6l7iZfRwDUM0vmZhILSebTIeDbmwrPOVvx5%2FA8Vm3gsZeiM8zC5ERHEy2Bs8HUhAb1xjuYS60771xRHc78AG00uZssYxLaVZCUUmVD1ASlcpO3CSvy5jOt1vbC3nsvq9gZoVSdZe%7Ctkp%3ABk9SR8Le1qXEZA&LH_ItemCondition=3000
Fender DG8S NAT Acoustic Guitar (BFEB-09-027),$70.00,No bids/views,https://www.ebay.com/itm/335584355489?_skw=guitar&itmmeta=01J8H5NNWWW0QAWF3FSGACH18T&hash=item4e2262e4a1%3Ag%3AV8IAAOSwVGRm4FpG&itmprp=enc%3AAQAJAAAA4HoV3kP08IDx%2BKZ9MfhVJKlA3w0UT5mzwpOHfHvY6LXSC4FOU1ypuqOma7dEnJLanWd3CUkieW%2FnwpsSFVdk%2FMG2uczsFZPooVEZk7VcmU9Bt--tDGXkmnqcMcF6duO3I1XLLzfaivXwagFemHFb81fgYsnMDzAgnQ8SCtfN98R0iw3IgXBIwAknQhQWQbDIVgBT1JsFvpp9bRepMkoRTrAp7lpO1ixuMWx%2BdyUHF4QXsW0E8ggJySAbQ2Ih%2FUmEILP6oHBJPRUrEvws8ZXZtpXzWDZZspYv5efepcHvTc6j%7Ctkp%3ABk9SR8Le1qXEZA&LH_ItemCondition=3000
Applause AA14-4 Acoustic Guitar,$49.99,No bids/views,https://www.ebay.com/itm/256639843338?_skw=guitar&itmmeta=01J8H5NNWWBXDZF260TFBQ749M&hash=item3bc0ed3c0a%3Ag%3ADDUAAOSw8z5m5e2-&itmprp=enc%3AAQAJAAAA4HoV3kP08IDx%2BKZ9MfhVJKmMJbRNi90DC%2BlEML8piLRgsbHKuMbIG5PFTCkV3dE%2BneIca4WHzlLbquxJc1I7iBag%2Bfn4BL%2FtAV%2B956UgxOCrV4DPxjVWZj9V3HFqwuYNMIfafH8vZ6t1movIEBiuwmO1qhjQ3Qs3l%2B2onwMae9VbIY0wxIsjRTMp5c0Z3tTBtLjVj1gMuJcElauCZIz6c07DMshCMRdFbbHZ3eUS4Y7c420gvuanwo3TWfAJdCckROyysGZC%2BYW8NSQZGKsQJbrZLdfh%2BwlneuHLpq9J98SY%7Ctkp%3ABk9SR8Le1qXEZA&LH_ItemCondition=3000
1995 Martin D-1R Natural Satin Acoustic Guitar + OHSC,$995.00,No bids/views,https://www.ebay.com/itm/286075448214?_skw=guitar&itmmeta=01J8H5NNWWS0R112SZR000H2GM&hash=item429b6ceb96%3Ag%3AjssAAOSwG2Bm8f7-&itmprp=enc%3AAQAJAAAAwHoV3kP08IDx%2BKZ9MfhVJKlttd18Q1BTKYGkHBMYWii1PFNtg8lCgWBmIpuyJ0H2ZpsLtMcXe%2B4wlBbHmT0W44H0G6A2LLJzE6MPRDgzKTSOWurosvN7PtZSWeTdDLalhvb3b8hDPyhdezDZVLZMxQbbh4JY%2F3rhZRJlSgCm4NYAxJDf8HnT3NbVF2X%2FmFXNIfRaTop3jK1dQsRoIr5G7zbgNrZ32TfSPlBrnu2LlG0k8JJ6aWF%2FiyJ7BOWcCbLiUw%3D%3D%7Ctkp%3ABk9SR8Te1qXEZA&LH_ItemCondition=3000
Tobias Growler 5 Strings Electric guitar w/ Original case,"$1,799.00",No bids/views,https://www.ebay.com/itm/326281069326?_skw=guitar&itmmeta=01J8H5NNWWGXWCKS8ZRJ6QZMVX&hash=item4bf7de030e%3Ag%3AUQUAAOSwDOxm8fOp&itmprp=enc%3AAQAJAAAA4HoV3kP08IDx%2BKZ9MfhVJKk37KdsYNfMZS5%2FQLpPuZg9xoGQXm8tUsmFIUhF9ltVyZPzv2TzVmcaJdo0bWUSZ9RbDWXb2x1Yy9HkxK1nUq%2B6%2F8xKijZpt2XGiq4nYl%2BXJl3Urz8AD2uEApWfAX%2F8VL%2B7mGXL%2Bm9FxT5C8D8QePyqwbvOrF%2FVbUGhU1dOGdPFixbRdFADcobfNDy8hHrk0jrn0IzsARG3U9OBadvjXMOCevzFn7q4cq%2BKtDdZcU6QPom69cnkWtvcQL97kY%2F7vEfJNQmirHEibfpFwQCtQzFF%7Ctkp%3ABk9SR8Te1qXEZA&LH_ItemCondition=3000
GUITAR VINTAGE 1966 Yamaha SG-12 Twelve string Nippon Gakki RED WHITE SG3SG2 RAR,"$2,250.00",No bids/views,https://www.ebay.com/itm/126689099699?_skw=guitar&itmmeta=01J8H5NNWW8XKA6YCFQHC5W4MJ&hash=item1d7f423fb3%3Ag%3AcngAAOSwSMdmqJmV&itmprp=enc%3AAQAJAAAA4HoV3kP08IDx%2BKZ9MfhVJKl4tg9PFJ%2B8s22zeT%2B5eMMF4kAYTHUrS0L3pbRkW7bGE%2FixK%2FRxTbq6%2FMOwT%2FURzJfWthyHyQdMFqL7YLXnhq0LrwreyE2LfV0o1IlrTn6%2FNS210TTah1Cdov5L3Qx38NqNg%2BhD%2FjKzmcxNVgNe8Wd5wwB4%2BmzV4%2FXPqZCnMhj4AGnVdNagkkwr34ztKPHfh90G8ppvaAMlsKUZ2l1IZxpBsoPQuIHkT7%2Bv7A8psdJjHO1pxB74rQ8MgH0XL3fjzMyxhS3xkWbYgf0J9keanXPo%7Ctkp%3ABk9SR8Te1qXEZA&LH_ItemCondition=3000
Art & Lutherie Wild Cherry Satin Forest Green Acoustic Guitar,$200.00,No bids/views,https://www.ebay.com/itm/356019475768?_skw=guitar&itmmeta=01J8H5NNWXT6P41PGYWTTJZMSJ&hash=item52e46a1538%3Ag%3AtrIAAOSwAd9m2yxg&itmprp=enc%3AAQAJAAAAwHoV3kP08IDx%2BKZ9MfhVJKkje2yJL1ogPbM4iQmbRxWTPqmkYlKuQDEYRdWDZIbz7JbiyQS4wAPQDrD5fAhMaG7%2FfTpaT4xX07D%2BvfeKchSdQBBP13kDDr1d62VVBwHCmj8zqYUoscUYWlYCdF9gYdim7trKOI14c%2FynhdNQLY2%2BbSmlNWFC0pB36maG0yXxzib31CLb784hFP8sjd2Fl8gYaB0ijaW5HgQl%2BoE%2BwrjI3cOaxLIAOaxo2J0EDEg6kA%3D%3D%7Ctkp%3ABk9SR8Te1qXEZA&LH_ItemCondition=3000
Ibanez Guitar S520EX in JAPAN,$420.00,No bids/views,https://www.ebay.com/itm/156317863481?_skw=guitar&itmmeta=01J8H5NNWX8TZ5AMVNHPQJ4JQ4&hash=item2465454e39%3Ag%3AyLwAAOSw5sZmn8Ls&itmprp=enc%3AAQAJAAAAwHoV3kP08IDx%2BKZ9MfhVJKm7f%2F%2B0OqFFYFFC%2Fta9yx3bfzxs%2F2qlVfrwoZkLl%2FqEhC%2FkHWoXsBlOReJRuF%2BfZZO05%2FuAK5ZB%2BCgeuTYX4QojKzxT0qAWSTJxPzYIdwglfb0porALGoHSZ9y%2FBW4VShm9igDReTUlSDqEgsjz%2FKq706iEJefKstRcanLdt8e13DNXzGNAExuPdegQP7g7LubdTTfM2ixKNO%2Bn3%2Bq7rX3VJzpqAagLSS5Jnde9FNDYmg%3D%3D%7Ctkp%3ABk9SR8Te1qXEZA&LH_ItemCondition=3000
Jackson Flying V electric guitar,$550.00,No bids/views,https://www.ebay.com/itm/375668098287?_skw=guitar&epid=19031475845&itmmeta=01J8H5NNWX48R6EPPZPC493JCV&hash=item57779044ef%3Ag%3A2QcAAOSw%7EA9m8gW%7E&itmprp=enc%3AAQAJAAAA4HoV3kP08IDx%2BKZ9MfhVJKlSvNMjbx2Micp7qAnN4LsSGhdyUWsGUOL0ayzagKNucp7WzaLj8%2BEBLuPegV77x9fiyHEMNOD5fGbXHPiZ3XbVk7LOEIyf1yHrVKGRFslaEtWl2IdhUszG0sXkqvjO%2FvRnT1h7cA2ahkk7ApMZ%2FcaKXW0sblO710hzZ5gFyAJPJpKHclnO8D0ptRIn9AIgQu2%2Fco29hCQdV23MyyIrpz6fmgUg00nRUcd1gKON5HRZgPA83gBtT4rD8R65kUsM37N6lMhLKWW38uKRWEZ6hxUU%7Ctkp%3ABk9SR8Te1qXEZA&LH_ItemCondition=3000
Gibson Les Paul Standard '50s Electric Guitar - Tobacco Burst 9.2lbs 2019,"$1,500.00",0 bids ·,https://www.ebay.com/itm/226367600975?_skw=guitar&epid=16032637510&itmmeta=01J8H5NNWX57PZ0F5NFYA92DT9&hash=item34b48f794f%3Ag%3AUP4AAOSwOaFm8dy%7E&itmprp=enc%3AAQAJAAAAwHoV3kP08IDx%2BKZ9MfhVJKnQf15YySd%2Fur17wfGW9lpRmaqvs4qFsQvFzgdpMelmAkYvTjbqPGO3djUx6%2F826HoakmkXUwyVMUL0MZfZIAhfqcUrFNxK4qB9WvrE0N2VThW2U%2FcydhQHqZF%2FVBUJNnPTt5vDvpHAQ04qxVMWM5l8UU1jvJO3Q02K%2BfzAXtxtPNag8KAru%2FvymN5oRdVKek0K71F4fHMt8cRWCDU5nF0tzR6%2B5SGnDvnZAJe%2B%2FddfMw%3D%3D%7Ctkp%3ABk9SR8Te1qXEZA&LH_ItemCondition=3000
Lauren Student Acoustic Guitar,$24.99,0 bids ·,https://www.ebay.com/itm/335587191558?_skw=guitar&itmmeta=01J8H5NNWX3Z0P3YYSWBSR4NRR&hash=item4e228e2b06%3Ag%3AgAcAAOSwk3Zm8iB2&itmprp=enc%3AAQAJAAAA4HoV3kP08IDx%2BKZ9MfhVJKkNKSj4tw0yHNz%2BF2zQHNeI106NNBwp%2BEAhaQ5JCrRFg%2BFID6b2ZUVKcghVNXgngX5TSa4WGOAzSi1AEfimn3iJEGtcT56BLnP7MRr5rZPxhIqAfXH3izP8RYUk%2FYYpsgN%2BpFD9JZCVY7JWk1bX41f4bKx0%2FytZlFdMPM3%2B67si55ANYsAhmd%2BrIrGSzDKVkhb9Tzw070sGZ281NTkN7WwgzVJ3Fr41RFbmYSO30k6jhvt2tEfGw7w1WyJgqCrLRDHAA4QHz%2F2dhTZMEmigfXo3%7Ctkp%3ABk9SR8Te1qXEZA&LH_ItemCondition=3000
"EVH Wolfgang Special Striped Electric Guitar, Black and White, EVH Gig Bag","$1,249.00",No bids/views,https://www.ebay.com/itm/116336968593?_skw=guitar&itmmeta=01J8H5NNWXBTH8QJFMJ643EMC2&hash=item1b16394391%3Ag%3AuXgAAOSwD2pm8iJl&itmprp=enc%3AAQAJAAAA4HoV3kP08IDx%2BKZ9MfhVJKm%2BDLQztiAinPYdO5PllNGWmelzc38mYkxicU2n919q02lokgkRIS9oRnI--POWbVv19M3gqMTT%2BBJbBfCmdYr%2F4tq6Qo1BMhy%2B3LWe6IlKrHJocAZUIoQbkYX1OHrSApioPuaHXMAc67KhVrVdmFE3aaciNu5WBU8XXoi2hQASDRKFhBk2oAfyZgrCXTp405DKs1NeGivdx1FJpFN%2FpMaTXXl1eRbfM%2FLX9%2FeKau7WoR8ldaei7DGE2Mnqf4NI9A8yoXBRS4Gr0aUYbspQvxGp%7Ctkp%3ABk9SR8Te1qXEZA&LH_ItemCondition=3000
King Tone The Duellist Guitar Effector,$733.29,No bids/views,https://www.ebay.com/itm/146048541749?_skw=guitar&itmmeta=01J8H5NNWXFXZ04RCCBFZ8M0CV&hash=item22012be435%3Ag%3AubAAAOSwcjlm8YTE&itmprp=enc%3AAQAJAAAAwHoV3kP08IDx%2BKZ9MfhVJKmVuPLdTG%2FZ7C4psr45kGchA4exHwX6oICNYRox%2F5WqYgQC7vI%2B43CqVfTsvMPepTiQyKn34w%2B0fANzRkuHf33Knlkbar7t149ywwXM20SyaEvbGjta86sKtZBKbX6dfeXzV2Oz9W9SGjCtCZLK1hErTPVDnDDahLH8NplD8N1349vXP85rCJyKF57afXYnXLkvECXGarutdfR4lQXx8c%2Fz2YPFm2hf2VZahwlrejZB%2BQ%3D%3D%7Ctkp%3ABlBMUMTe1qXEZA&LH_ItemCondition=3000
Boss Sd1 Guitar Effector,$148.25,No bids/views,https://www.ebay.com/itm/146048541770?_skw=guitar&itmmeta=01J8H5NNWX9W80TQGVP4E8ST9V&hash=item22012be44a%3Ag%3AGdkAAOSwkb5m8YSF&itmprp=enc%3AAQAJAAAAwHoV3kP08IDx%2BKZ9MfhVJKmBMGrj69%2F5Obxc6GnIdITIhC1YOpJ2314SwXPnLDaVBD0m9UNxginDb3%2FyWRwgy1rp6PJlcBBwDbe7hZM9F8gPwF3%2BuLBdwZyW9yEwMbwA4WZdnoQd9MSha0dXD1f4MwAlkvnGikbHCJn7%2FrBVj8eWzHQnUPWmrTnsaNUsgdJ0qNh%2BFwNVPMp9l%2F5FePDfZwHUyc8na3hhKQ%2Fuy1BaZT2TkrAR90l7%2FZOxsEkaT5wT9Q%3D%3D%7Ctkp%3ABlBMUMTe1qXEZA&LH_ItemCondition=3000
Vemuram Myriad Fuzz Effector Guitar Effector,"$1,242.71",No bids/views,https://www.ebay.com/itm/146048541827?_skw=guitar&itmmeta=01J8H5NNWXNG8KKMYQP3XGYP1Z&hash=item22012be483%3Ag%3A3xQAAOSwxRhm8YS-&itmprp=enc%3AAQAJAAAAwHoV3kP08IDx%2BKZ9MfhVJKmir0r6GILUjjlP9FzEZhjVbo9BbRQv59PfuS4O1MwusgYKJ0JeTJIf%2B9hg9BLh%2BVptcPhzA%2BW75YWN9H9er5tuUbs1GdNkd7H4%2FK2IWe7OJZZQwuIgJVfG0yj1ZeWF420hbpsXJQkSKGExsO5bZ4IYwCEVcrd%2Bxh0tKNxfZMvdNt9ymPepZuzslfITuQ2cM3TKJBMBzK7hH8ggNmbCJg1DusfuNvYt7hCiX1bu05aHWQ%3D%3D%7Ctkp%3ABlBMUMTe1qXEZA&LH_ItemCondition=3000
Hao Rust Booster V1 Japanese Guitar Effector,$123.05,No bids/views,https://www.ebay.com/itm/146048541774?_skw=guitar&itmmeta=01J8H5NNWX3YV9SNJE0Y0XDXRY&hash=item22012be44e%3Ag%3ANjQAAOSwJxxm8YT2&itmprp=enc%3AAQAJAAAAwHoV3kP08IDx%2BKZ9MfhVJKlXC0CQHQAJz0HQIa19mYHMct%2BGFrGPwqYZaX%2FbZVV%2FsbY3KNd8i%2BQGOrrlqJSQNOJVPEXJfP1sWj8KX66nAIokV%2BGOGhpVJp2O7rJAfBKyfV7l9%2BsWczfpmZsHNYECKFvkadVWhp7V4Mp7b2110spbVB%2FvWSWn15B90mAvi1BxQoWQ0LNjfq54fyNX6k%2FA0HyzlFVh1SSW5NPXfFlOs7IklQUogrMxJBDqmtSguSSt0g%3D%3D%7Ctkp%3ABlBMUMTe1qXEZA&LH_ItemCondition=3000
Blue Crescent Acoustic Guitar,$9.99,0 bids ·,https://www.ebay.com/itm/226367536901?_skw=guitar&itmmeta=01J8H5NNWXY7PEET8QT1HWYR03&hash=item34b48e7f05%3Ag%3AqQQAAOSw7uZm8eqw&itmprp=enc%3AAQAJAAAAwHoV3kP08IDx%2BKZ9MfhVJKm3AW3b6m6SDCE3pA6lMq9eo%2FalzXKX11xgcFMZhhnAPWWCa1pPUb1FZpzU%2F8GiYr0rkp%2BiFrWnUsvsKuqWDO0yPLk33i40lI%2BmRLEuoTs1VRoUTk8bTdQzRwJd4stiUX%2F6kz6jJLoM5LVsWesJ7cn2SVOC3vfwUSuIXbP7lZD0pOS40rtQVkfbj8Zd6mXrrAga88qjSTPnjG36oF1JDmkrvT6YT%2B%2FU8GEJeoDjA9gizg%3D%3D%7Ctkp%3ABk9SR8Te1qXEZA&LH_ItemCondition=3000
[Rare] Yamaha Fg500S Acoustic Guitar With Hard Case From Japan Used Sunburst,$599.00,No bids/views,https://www.ebay.com/itm/395714918623?_skw=guitar&itmmeta=01J8H5NNWXSHRJKR5ST8MNARC5&hash=item5c227278df%3Ag%3AgLwAAOSwS8Zm8DR0&itmprp=enc%3AAQAJAAAA4HoV3kP08IDx%2BKZ9MfhVJKnIhIQ9xRA5gklc9vkvbGemOjgQJNqxTWnzq4at2h7z%2Bgh9rod1We5sKiRkjz9vPCMAZiuCgql7XBksTC%2BDX4gsgjH0f%2BhMtrs5h3PceoL80qcYbLC0uSbsv729xdrPWxmbGnt7gpSB575AABggSfyrWYn1QGmMt10raxDOtdW43A09pbQYZLLm%2FiG2sRQJip1QS9wwEDIKqRDHdeLNoBVIFd7V1ryVHcipLU%2BjiYnJkIl4CyvgxGaVh9Kp5IvDjAinKT4UzmJiXCwXMQGA%2BlA%2F%7Ctkp%3ABk9SR8Te1qXEZA&LH_ItemCondition=3000
Vintage acoustic Classical telestar guitar,$125.00,No bids/views,https://www.ebay.com/itm/235757825486?_skw=guitar&itmmeta=01J8H5NNWXY7TSCWM7RXKAYY4X&hash=item36e442edce%3Ag%3AoXMAAOSwtXRm8gJU&itmprp=enc%3AAQAJAAAA4HoV3kP08IDx%2BKZ9MfhVJKmXQ7sKBfGqB6Rq2ovrgzl3tceKTFJK9BTFXJSUkx%2FFlb77jbIaiEq4C8OzgofqzeLwKZDj9ZqdrsNei62QJLbm3%2FNvdyEwReTRU53Kj6h6QfmN2C43Fs%2B0HOoA6yrGeiuhmmt8K13%2B3Rj%2B8N7LUc1jsLXFANQexcYiPzE1%2BtWfHMdzTDyJuO%2Fqre%2FHkBWPeq1a4eSuWVf37LoH4Bm%2BC0hvbthcHX9yR%2FvV5SdOMwxAZuKKBERKE4dVJx5MMY%2B5V0K84YUc4emzfeaKXKKM1g7H%7Ctkp%3ABk9SR8Te1qXEZA&LH_ItemCondition=3000
Crestwood 2005 Brown Six-String Musical Instrument Acoustic Guitar,$9.99,0 bids ·,https://www.ebay.com/itm/395699497061?_skw=guitar&itmmeta=01J8H5NNWX2VKPR86RT1MC93CB&hash=item5c21872865%3Ag%3AGDEAAOSwsHtm3wyL&itmprp=enc%3AAQAJAAAA4HoV3kP08IDx%2BKZ9MfhVJKm5JIUHTZtqMWa%2BGB%2BmQlj0ptsLi2gbNeJwKwe28o87GwMj7hq3tfqI82upZ6S7xEHybObVuZRpqhg91QQJQSCwAgEri6O1CKkysX8fWLnmqJRE1hBxe6RJZXRIBY6fYjDf6QpouvNV3bsIVRYDdZ9G4gqod2%2FeQaUdhFVg4KcvM14HsgTFyOcvAMC%2BIz4fp9lC74lZshnpmzUI0bT5FU274pq2FHkE0wLCKpEDpBYWGT%2FyQbRChO2WeGbNxBK9QGHkTV5PyUY8WmjS%2BlXonk5s%7Ctkp%3ABk9SR8Te1qXEZA&LH_ItemCondition=3000
Schecter E-1 FR S Special Edition 6-String Electric Guitar Green,"$1,100.00",No bids/views,https://www.ebay.com/itm/375668173646?_skw=guitar&itmmeta=01J8H5NNWXR37P444DPHW1DCSQ&hash=item5777916b4e%3Ag%3A6o0AAOSwES5m8hEM&itmprp=enc%3AAQAJAAAA4HoV3kP08IDx%2BKZ9MfhVJKn3kWBbBdI0htmVw1U7%2FhVMB%2FdoTigxl9N0M2nLLtBelwbuq9akNcMWQkT2Oc17wi4CMKSU%2FXjyZEscWsigwSxJGskXF%2F3Tyo6t6jclPDwOtZERUeTj72xvnsy%2FySzmS01UgP257t726lW0oab%2FzqQdRnT8AOxlXrqtXGvh6uk6Wa4oLaXkgVt6HV94Fccdjf1G3oCkEhK%2Bi%2B2nU5w8LVAdVqars1Z7jdKfJVdf6nKfCpvZgNFBMds7JKk1IEf5StmKfUbmdFwTBpU4VFRXaZhV%7Ctkp%3ABk9SR8Te1qXEZA&LH_ItemCondition=3000
Jackson Adrian Smith Signature Electric Guitar - Transparent Green Burst,$650.00,No bids/views,https://www.ebay.com/itm/375668131536?_skw=guitar&epid=27003414135&itmmeta=01J8H5NNWXMX8M4QFRBTEXTGCQ&hash=item577790c6d0%3Ag%3AvJ8AAOSwnNFm8gvg&itmprp=enc%3AAQAJAAAA4HoV3kP08IDx%2BKZ9MfhVJKk5RstsG%2FDQIKfAcedndfOcEmzJQlEArmg8h9v%2F43HhguAsT3P40SCpZS3db0uN5yDu7Yt5fqpF3uE7%2Fs%2Bc5lsjVMux39rmIpRQVKEZuBQNXKO1a0wQWCpHXDbp0D0B7IjrpxYm%2BrnWhoNcbcSf%2Bhni8Efh4b2aG1J67YTofsvBdjBMe1ruMhf38wK2%2BidTCFA6oCa8bQ%2F9lXRUClFrgmz4wP8Tsz0oDGiwM1fJj%2FMIEHCVaaXx%2F9HJnNqZvsAt5xodlVv7BV0XdJ7Dkw5Fj1Wd%7Ctkp%3ABk9SR8be1qXEZA&LH_ItemCondition=3000
Jhs Pedals Red Remote Guitar Effector,$104.48,No bids/views,https://www.ebay.com/itm/146048541738?_skw=guitar&itmmeta=01J8H5NNWXE8Z95H5XDEW39TWG&hash=item22012be42a%3Ag%3AlkkAAOSwnLlm8YQa&itmprp=enc%3AAQAJAAAAwHoV3kP08IDx%2BKZ9MfhVJKm%2FmGG8tBIqAi6QYCy8q%2FiWRh6wxmrjgy%2FaCYsqCGqMpa2%2BjM6BBvKTAObA%2BbHMCXuSV2ZiDH6suflfDaz99lgMpQ6h5QDv8I7Z%2FQU8EYf2OTbv6u96jkc93PzZ5qzjheKO0IR3Ob%2FmvJlLlKeDFcOaaMFxgLqCWcW2CpslyQUTsSTAWT5dqTrC2cVp78BeRHQfPym2%2FkERa8aelnxjLMPUaROGqk3Y1Hi2%2F8hHVCoZEQ%3D%3D%7Ctkp%3ABlBMUMbe1qXEZA&LH_ItemCondition=3000
Yamaha SGV700 Electric Guitar w/ Soft Case Metali Blue SLB '07 from Japan,"$1,349.48",No bids/views,https://www.ebay.com/itm/185102318014?_skw=guitar&epid=1840647964&itmmeta=01J8H5NNWXTREBTMCJ5773P2MD&hash=item2b18f539be%3Ag%3A8vUAAOSwJI9g4Z8k&itmprp=enc%3AAQAJAAAAwHoV3kP08IDx%2BKZ9MfhVJKlLnCLHFmDZWOe%2FTFKqMHummeCflYN%2F9Ib2W3AdTuz2RT%2Fha4Q5jGhOEodU1YUWFZ%2B37fveKl7ROEv3fju6clbzd9t5vUg5M%2F6%2FpWKlgdK%2FONz4HVtcxK9uxJ%2BVnF0aSXh5WjZ5DBs1rFvdozYva83b4%2FLVKf9rB%2BGMqZhE3A%2BsgHuXlbJ6znwokDgx%2BUnSC53JWvDxQyFQew2bopMd7%2F7%2ByjH%2BMRnCi4zPm1rCySRrEw%3D%3D%7Ctkp%3ABlBMUMbe1qXEZA&LH_ItemCondition=3000
